street,city,state,zip,country,user
Amoth,Birmingham,AL,99481,USA,1
Calypso,Atlanta,GA,99160,USA,2
Pierstorff,New York City,NY,34310,USA,3
Vidon,Houston,TX,97871,USA,4
Troy,Fresno,CA,66315,USA,5
7th,Florence,SC,2956,USA,6
Morningstar,Charlotte,NC,13441,USA,7
Montana,Oakland,CA,38731,USA,8
Upham,Denver,CO,99156,USA,9
Browning,Seattle,WA,134,USA,10
Esch,Springfield,IL,83390,USA,11
Del Sol,Houston,TX,65195,USA,12
East,Saint Louis,MO,27410,USA,13
Delaware,Austin,TX,5954,USA,14
Lien,New York City,NY,31176,USA,15
Cardinal,Houston,TX,35901,USA,16
Jenifer,Omaha,NE,82842,USA,17
Troy,Atlanta,GA,66346,USA,18
Del Sol,Detroit,MI,52713,USA,19
Cordelia,Norwalk,CT,91588,USA,20
Arkansas,Sunnyvale,CA,45505,USA,21
Merrick,San Francisco,CA,32891,USA,22
Schiller,Las Vegas,NV,23841,USA,23
Carberry,Miami,FL,9000,USA,24
Clove,Milwaukee,WI,46486,USA,25
Quincy,South Bend,IN,8750,USA,26
Debs,Gainesville,FL,247,USA,27
Texas,Fredericksburg,VA,61409,USA,28
Dexter,Milwaukee,WI,77140,USA,29
Hovde,Washington,DC,56889,USA,30
Farmco,Houston,TX,54498,USA,31
Westport,Albany,NY,20704,USA,32
Truax,Oklahoma City,OK,52243,USA,33
Schiller,Houston,TX,82648,USA,34
Spohn,El Paso,TX,16307,USA,35
Blackbird,Kansas City,MO,87086,USA,36
Chive,Albuquerque,NM,16457,USA,37
Valley Edge,Naples,FL,80911,USA,38
Cambridge,Modesto,CA,9607,USA,39
Golf View,Huntsville,AL,21442,USA,40
Duke,Tallahassee,FL,5710,USA,41
Hudson,Springfield,IL,10575,USA,42
South,Macon,GA,11682,USA,43
Nelson,Bakersfield,CA,59649,USA,44
Clemons,Midland,TX,48394,USA,45
Northridge,Chicago,IL,42862,USA,46
Bowman,Midland,TX,29574,USA,47
Wayridge,Portsmouth,VA,16620,USA,48
Jackson,Gainesville,FL,60701,USA,49
Rigney,Milwaukee,WI,78099,USA,50
Cordelia,Boston,MA,3251,USA,51
Dottie,Lincoln,NE,90206,USA,52
Mccormick,Portsmouth,NH,1057,USA,53
Manitowish,Canton,OH,73578,USA,54
Bunker Hill,Greensboro,NC,74449,USA,55
Londonderry,Dallas,TX,76796,USA,56
Morning,Charleston,WV,42758,USA,57
Roxbury,Los Angeles,CA,99318,USA,58
Leroy,San Antonio,TX,31829,USA,59
Pennsylvania,Lansing,MI,19723,USA,60
Parkside,Tyler,TX,93319,USA,61
Meadow Vale,Shreveport,LA,97689,USA,62
Karstens,New Orleans,LA,98639,USA,63
Oak,San Diego,CA,28648,USA,64
Green Ridge,Greenville,SC,10422,USA,65
High Crossing,Newport News,VA,9997,USA,66
Farwell,Memphis,TN,37896,USA,67
Dexter,Yakima,WA,65390,USA,68
Tennessee,Reading,PA,32498,USA,69
Magdeline,Bronx,NY,15372,USA,70
Lighthouse Bay,Chicago,IL,95755,USA,71
Pleasure,Lafayette,IN,16550,USA,72
Forster,Birmingham,AL,63855,USA,73
Eastlawn,Panama City,FL,42540,USA,74
Kenwood,Anaheim,CA,53457,USA,75
Lunder,Boston,MA,54241,USA,76
Carberry,Punta Gorda,FL,31744,USA,77
Hoffman,Sacramento,CA,26843,USA,78
Valley Edge,Saint Louis,MO,48052,USA,79
Eliot,San Diego,CA,67272,USA,80
2nd,Juneau,AK,68570,USA,81
Birchwood,Pittsburgh,PA,78634,USA,82
Village Green,New Hyde Park,NY,55214,USA,83
Evergreen,Atlanta,GA,71418,USA,84
Messerschmidt,San Antonio,TX,63584,USA,85
Magdeline,Fresno,CA,84796,USA,86
Vidon,Milwaukee,WI,42193,USA,87
Gateway,El Paso,TX,40200,USA,88
Riverside,Birmingham,AL,24166,USA,89
Amoth,Fort Worth,TX,68997,USA,90
International,Huntington,WV,29431,USA,91
Barnett,Hartford,CT,7925,USA,92
Laurel,Rochester,NY,27675,USA,93
Glacier Hill,Brockton,MA,84898,USA,94
Holy Cross,Saint Petersburg,FL,6135,USA,95
Waubesa,El Paso,TX,60410,USA,96
Pond,Warren,OH,32982,USA,97
Miller,Homestead,FL,91718,USA,98
Bultman,Raleigh,NC,29245,USA,99
Hoffman,Lake Worth,FL,80107,USA,100
Orin,Lake Worth,FL,45005,USA,101
Dottie,Beaumont,TX,27652,USA,102
Carioca,North Port,FL,1867,USA,103
Corry,Albuquerque,NM,44863,USA,104
Hazelcrest,Washington,DC,73261,USA,105
Eastlawn,Columbus,OH,88823,USA,106
Scofield,San Antonio,TX,15601,USA,107
Hudson,Orlando,FL,84835,USA,108
Kedzie,New York City,NY,47934,USA,109
Independence,Phoenix,AZ,21678,USA,110
Hanover,Bismarck,ND,14940,USA,111
Shasta,Seattle,WA,17184,USA,112
Ridge Oak,Los Angeles,CA,17459,USA,113
Elgar,Brooklyn,NY,32275,USA,114
Cherokee,Chicago,IL,75805,USA,115
Bultman,Tulsa,OK,66783,USA,116
Hayes,Colorado Springs,CO,11949,USA,117
Walton,Harrisburg,PA,86522,USA,118
Saint Paul,Mobile,AL,63453,USA,119
Almo,Killeen,TX,44599,USA,120
Dorton,New Hyde Park,NY,93228,USA,121
Loeprich,Trenton,NJ,76188,USA,122
Lien,Saint Petersburg,FL,51167,USA,123
Monterey,Providence,RI,4947,USA,124
Crescent Oaks,Oklahoma City,OK,87805,USA,125
Delaware,San Jose,CA,65934,USA,126
Bunker Hill,Grand Rapids,MI,21138,USA,127
Farragut,Kansas City,MO,88379,USA,128
Southridge,Fairfield,CT,6635,USA,129
Magdeline,Jackson,MS,25538,USA,130
Nancy,Riverside,CA,84236,USA,131
Kensington,Bridgeport,CT,21026,USA,132
Pankratz,San Bernardino,CA,14698,USA,133
Myrtle,Washington,DC,93317,USA,134
Service,Indianapolis,IN,64235,USA,135
Amoth,Boca Raton,FL,81864,USA,136
Ridgeway,Pensacola,FL,37381,USA,137
Forster,Escondido,CA,75353,USA,138
Service,Stockton,CA,64407,USA,139
Banding,Dallas,TX,59506,USA,140
Pennsylvania,New York City,NY,41258,USA,141
Buhler,Dallas,TX,40882,USA,142
Pierstorff,South Bend,IN,87075,USA,143
Magdeline,Los Angeles,CA,86742,USA,144
Pepper Wood,Long Beach,CA,31378,USA,145
Moulton,Chicago,IL,58920,USA,146
Northwestern,Orange,CA,64383,USA,147
Monument,Cincinnati,OH,78538,USA,148
Messerschmidt,Houston,TX,9691,USA,149
Twin Pines,Worcester,MA,109,USA,150
Westerfield,Houston,TX,63228,USA,151
Algoma,Ocala,FL,17633,USA,152
Redwing,Houston,TX,99931,USA,153
Rowland,South Bend,IN,26088,USA,154
Bellgrove,Greeley,CO,96454,USA,155
Springs,Visalia,CA,16888,USA,156
Mitchell,Fort Worth,TX,55732,USA,157
Hoffman,Oklahoma City,OK,91764,USA,158
Artisan,San Diego,CA,29931,USA,159
Old Gate,Seminole,FL,72269,USA,160
Mesta,Springfield,MA,8289,USA,161
Sachtjen,Salt Lake City,UT,28607,USA,162
Toban,Wichita Falls,TX,42932,USA,163
Mitchell,San Francisco,CA,7798,USA,164
Buhler,Waterbury,CT,85008,USA,165
Reinke,Norcross,GA,1914,USA,166
Lunder,Huntington,WV,66446,USA,167
Springs,Minneapolis,MN,15710,USA,168
Division,Longview,TX,44611,USA,169
6th,Tacoma,WA,90673,USA,170
Hintze,Amarillo,TX,34437,USA,171
Banding,Johnstown,PA,32975,USA,172
Blue Bill Park,Frederick,MD,63166,USA,173
Hagan,Jacksonville,FL,88949,USA,174
Karstens,Athens,GA,67397,USA,175
Elmside,Philadelphia,PA,28619,USA,176
Spaight,Rockville,MD,64780,USA,177
Anzinger,Stockton,CA,2586,USA,178
Hoffman,Worcester,MA,6482,USA,179
Straubel,Houston,TX,18096,USA,180
Holy Cross,Lubbock,TX,28566,USA,181
Charing Cross,San Rafael,CA,16780,USA,182
Pankratz,Orlando,FL,41425,USA,183
Judy,Fresno,CA,38608,USA,184
Dawn,Riverside,CA,99971,USA,185
Browning,North Hollywood,CA,87450,USA,186
Prairie Rose,Cincinnati,OH,52026,USA,187
Welch,Phoenix,AZ,47283,USA,188
Jana,Dearborn,MI,63744,USA,189
Hovde,Boise,ID,11081,USA,190
Eagle Crest,Pueblo,CO,14363,USA,191
Prairie Rose,Chattanooga,TN,26031,USA,192
American Ash,Morgantown,WV,86574,USA,193
Lakewood,San Antonio,TX,80025,USA,194
Evergreen,Evanston,IL,68883,USA,195
Havey,Omaha,NE,67150,USA,196
Gale,Topeka,KS,5266,USA,197
Atwood,Pasadena,CA,58491,USA,198
Manufacturers,Provo,UT,35680,USA,199
Lighthouse Bay,Huntington,WV,46638,USA,200
Nevada,Green Bay,WI,15645,USA,201
Mariners Cove,Springfield,VA,81711,USA,202
Anthes,Hamilton,OH,49564,USA,203
Brown,Las Vegas,NV,13012,USA,204
Kensington,Mobile,AL,92445,USA,205
Forest,Knoxville,TN,48930,USA,206
Portage,Troy,MI,61741,USA,207
Coolidge,Gainesville,FL,43902,USA,208
Coleman,Ridgely,MD,17516,USA,209
Mitchell,Anchorage,AK,54622,USA,210
Melrose,Inglewood,CA,3200,USA,211
Blackbird,Dallas,TX,73746,USA,212
Schlimgen,Ocala,FL,52942,USA,213
Lunder,Saint Louis,MO,89528,USA,214
Hayes,Yonkers,NY,66868,USA,215
Upham,Albany,NY,47499,USA,216
Debs,Sacramento,CA,57001,USA,217
Green Ridge,Los Angeles,CA,14572,USA,218
Sherman,Los Angeles,CA,40166,USA,219
Ridgeway,El Paso,TX,80710,USA,220
Boyd,Columbus,OH,71665,USA,221
La Follette,Orlando,FL,24890,USA,222
Upham,Appleton,WI,35867,USA,223
Rowland,New York City,NY,79657,USA,224
Elka,Washington,DC,20386,USA,225
Morrow,Erie,PA,27463,USA,226
Waywood,Kansas City,MO,93800,USA,227
Kropf,Huntington Beach,CA,43186,USA,228
Loomis,Murfreesboro,TN,27910,USA,229
Dottie,Inglewood,CA,97008,USA,230
Annamark,Madison,WI,60975,USA,231
Morrow,Decatur,GA,31326,USA,232
Walton,Youngstown,OH,65544,USA,233
Melrose,Kansas City,MO,87620,USA,234
Hoard,Madison,WI,17387,USA,235
Luster,Roanoke,VA,43260,USA,236
Mifflin,College Station,TX,48695,USA,237
Logan,Orlando,FL,37455,USA,238
Arizona,Savannah,GA,85733,USA,239
Debs,Portland,OR,50146,USA,240
Eagle Crest,South Bend,IN,51751,USA,241
Arizona,Lake Charles,LA,21806,USA,242
Waxwing,Houston,TX,81397,USA,243
Nova,Saint Louis,MO,28990,USA,244
Lunder,Spokane,WA,16842,USA,245
Spohn,Philadelphia,PA,74030,USA,246
Northview,Buffalo,NY,24180,USA,247
Homewood,Chicago,IL,4933,USA,248
Hovde,Salt Lake City,UT,98825,USA,249
Nobel,Lake Charles,LA,50285,USA,250
Mitchell,Birmingham,AL,82105,USA,251
Harper,Houston,TX,5813,USA,252
Melby,Hamilton,OH,68025,USA,253
Londonderry,Washington,DC,87128,USA,254
Evergreen,Raleigh,NC,17189,USA,255
Manufacturers,Inglewood,CA,61661,USA,256
Anhalt,Portland,OR,54675,USA,257
Lillian,Frankfort,KY,7527,USA,258
Anthes,Las Vegas,NV,73185,USA,259
4th,Utica,NY,86733,USA,260
Gulseth,Des Moines,IA,1553,USA,261
Mendota,Memphis,TN,78191,USA,262
Cascade,Saint Paul,MN,15440,USA,263
Old Gate,Anchorage,AK,15002,USA,264
Tony,Houston,TX,6060,USA,265
Dawn,Columbia,SC,35153,USA,266
Service,Saint Louis,MO,16083,USA,267
Southridge,Arlington,VA,56906,USA,268
Sage,Crawfordsville,IN,44931,USA,269
Fieldstone,Pittsburgh,PA,87994,USA,270
Gulseth,Fresno,CA,37788,USA,271
Scott,West Palm Beach,FL,71005,USA,272
Kedzie,Washington,DC,95323,USA,273
Clemons,Tallahassee,FL,61074,USA,274
Fieldstone,Orlando,FL,62335,USA,275
Hermina,Alexandria,LA,57194,USA,276
Badeau,Greenville,SC,10912,USA,277
Meadow Ridge,Fort Lauderdale,FL,2376,USA,278
Del Sol,Waco,TX,71604,USA,279
Homewood,Long Beach,CA,88372,USA,280
Clarendon,Birmingham,AL,18829,USA,281
Clemons,Tulsa,OK,75887,USA,282
Farragut,Lakeland,FL,45154,USA,283
Melrose,Newark,DE,55411,USA,284
Sutherland,Washington,DC,20841,USA,285
Clove,Syracuse,NY,7057,USA,286
Artisan,Tacoma,WA,19815,USA,287
Quincy,Seattle,WA,74426,USA,288
Jay,Muncie,IN,36634,USA,289
Prairie Rose,Fort Lauderdale,FL,15495,USA,290
Debs,Grand Rapids,MI,6883,USA,291
Lindbergh,Raleigh,NC,70173,USA,292
Westport,Daytona Beach,FL,27411,USA,293
Bultman,San Francisco,CA,55770,USA,294
Mifflin,Cleveland,OH,48482,USA,295
Maple Wood,Hattiesburg,MS,44674,USA,296
Wayridge,Stamford,CT,62135,USA,297
Pawling,Reno,NV,59622,USA,298
Monument,Houston,TX,30136,USA,299
Warbler,Canton,OH,44628,USA,300
Sheridan,Topeka,KS,4225,USA,301
Nevada,Pittsburgh,PA,27878,USA,302
Lien,Norwalk,CT,6690,USA,303
Spohn,Dayton,OH,42936,USA,304
Dryden,Dallas,TX,44949,USA,305
Johnson,Lincoln,NE,65285,USA,306
Milwaukee,Tucson,AZ,32525,USA,307
Muir,New York City,NY,84185,USA,308
Sugar,Springfield,OH,27991,USA,309
Stoughton,Green Bay,WI,16630,USA,310
Hovde,Columbus,OH,87157,USA,311
Shopko,New Haven,CT,53030,USA,312
Sheridan,Lexington,KY,66074,USA,313
Hooker,Newark,NJ,95046,USA,314
Coolidge,Cincinnati,OH,14526,USA,315
Transport,Springfield,IL,80364,USA,316
Westend,Galveston,TX,87042,USA,317
Sheridan,Alexandria,VA,23480,USA,318
Waubesa,Arlington,VA,32736,USA,319
Havey,Salt Lake City,UT,13831,USA,320
Crest Line,Pittsburgh,PA,63071,USA,321
Northview,Kansas City,MO,16148,USA,322
Boyd,San Angelo,TX,75567,USA,323
Derek,Fort Lauderdale,FL,23989,USA,324
Acker,Bronx,NY,61540,USA,325
Florence,Kansas City,MO,13554,USA,326
Warrior,New York City,NY,57723,USA,327
Maryland,Miami,FL,33573,USA,328
Killdeer,Charlotte,NC,72143,USA,329
Alpine,Billings,MT,72770,USA,330
Victoria,Gilbert,AZ,61153,USA,331
Jenna,Austin,TX,30085,USA,332
Meadow Valley,Shawnee Mission,KS,22198,USA,333
Anniversary,Oklahoma City,OK,90560,USA,334
Summit,Pueblo,CO,39863,USA,335
Myrtle,Fort Wayne,IN,32725,USA,336
Lien,Plano,TX,59906,USA,337
Golf Course,Houston,TX,16947,USA,338
Tennessee,Ocala,FL,89001,USA,339
Sachtjen,Albany,NY,62280,USA,340
Morrow,Fullerton,CA,89011,USA,341
Dexter,El Paso,TX,71986,USA,342
American Ash,El Paso,TX,96028,USA,343
Golden Leaf,Miami,FL,65801,USA,344
Derek,New Orleans,LA,66287,USA,345
Maywood,Raleigh,NC,50825,USA,346
Glacier Hill,Reno,NV,63316,USA,347
International,Huntsville,AL,51924,USA,348
Hooker,Hampton,VA,89339,USA,349
Hayes,Washington,DC,8951,USA,350
Arapahoe,Evansville,IN,92297,USA,351
Morning,Dallas,TX,14484,USA,352
Manley,Bethlehem,PA,90851,USA,353
Tennessee,Kansas City,MO,71662,USA,354
Banding,Clearwater,FL,41316,USA,355
Glendale,Las Vegas,NV,99452,USA,356
Sycamore,Albany,NY,19720,USA,357
Washington,Miami,FL,47878,USA,358
Oak,Jamaica,NY,1454,USA,359
Fordem,Pittsburgh,PA,37292,USA,360
Parkside,Columbus,OH,11497,USA,361
Prairie Rose,Fort Lauderdale,FL,30373,USA,362
6th,Hartford,CT,63679,USA,363
Forest Dale,Austin,TX,48306,USA,364
Northland,Florence,SC,55981,USA,365
Clove,Oklahoma City,OK,20626,USA,366
Caliangt,Chattanooga,TN,27335,USA,367
Northridge,Saint Louis,MO,58185,USA,368
Transport,Lawrenceville,GA,20058,USA,369
Sage,San Diego,CA,87644,USA,370
Marquette,Washington,DC,18163,USA,371
Everett,Saint Louis,MO,34439,USA,372
Oriole,Saint Louis,MO,5270,USA,373
Hazelcrest,Memphis,TN,1163,USA,374
Northview,New Orleans,LA,82287,USA,375
Memorial,Monticello,MN,44373,USA,376
Schurz,Phoenix,AZ,61307,USA,377
Butterfield,Saint Petersburg,FL,47946,USA,378
Reindahl,Springfield,IL,45239,USA,379
Anthes,Fort Lauderdale,FL,70443,USA,380
Sachs,Arlington,VA,35154,USA,381
Badeau,Scottsdale,AZ,56767,USA,382
Briar Crest,San Francisco,CA,54294,USA,383
Gateway,Kansas City,MO,64649,USA,384
Prairie Rose,Louisville,KY,66074,USA,385
Moose,Plano,TX,47976,USA,386
Merchant,Salt Lake City,UT,51198,USA,387
Swallow,Pinellas Park,FL,73021,USA,388
Thierer,Santa Fe,NM,49750,USA,389
Forest Dale,Atlanta,GA,48853,USA,390
Miller,Monroe,LA,79672,USA,391
Stone Corner,Fairfield,CT,82639,USA,392
Fairview,Albuquerque,NM,11615,USA,393
Autumn Leaf,Jamaica,NY,72080,USA,394
Mccormick,Dallas,TX,65823,USA,395
Kim,Washington,DC,47596,USA,396
Becker,Decatur,GA,30700,USA,397
Commercial,Bethesda,MD,1358,USA,398
Michigan,Houston,TX,83543,USA,399
8th,Fort Worth,TX,86786,USA,400
Paget,Dayton,OH,97650,USA,401
Pierstorff,Terre Haute,IN,44064,USA,402
Schiller,Little Rock,AR,38203,USA,403
Norway Maple,Littleton,CO,65488,USA,404
Shelley,Fresno,CA,67954,USA,405
Mendota,Sacramento,CA,40686,USA,406
Derek,Honolulu,HI,20679,USA,407
Moulton,New Haven,CT,71549,USA,408
Lillian,Sparks,NV,15042,USA,409
Memorial,Cincinnati,OH,24575,USA,410
Westerfield,Charlotte,NC,81781,USA,411
Corben,Saint Petersburg,FL,15209,USA,412
Mccormick,Colorado Springs,CO,16003,USA,413
Grasskamp,Houston,TX,38031,USA,414
Birchwood,Macon,GA,8069,USA,415
Oxford,El Paso,TX,58916,USA,416
Melrose,Birmingham,AL,22372,USA,417
Farragut,Visalia,CA,46556,USA,418
Jenifer,Orange,CA,3376,USA,419
Crescent Oaks,Saint Louis,MO,83419,USA,420
Norway Maple,Colorado Springs,CO,74891,USA,421
Hazelcrest,Hyattsville,MD,98324,USA,422
Delladonna,Lafayette,LA,63821,USA,423
Pepper Wood,Shawnee Mission,KS,91787,USA,424
Graedel,Springfield,MA,99555,USA,425
Holmberg,Pittsburgh,PA,82510,USA,426
Northview,Columbus,OH,56175,USA,427
Orin,Odessa,TX,27251,USA,428
Mifflin,Amarillo,TX,40875,USA,429
Maywood,Orlando,FL,13191,USA,430
Mosinee,Oklahoma City,OK,14340,USA,431
Warner,Seattle,WA,99603,USA,432
Luster,Columbus,OH,73034,USA,433
Vidon,Anchorage,AK,43644,USA,434
Mosinee,Houston,TX,73201,USA,435
Jackson,Ashburn,VA,32348,USA,436
Coolidge,Spokane,WA,90983,USA,437
Becker,Mount Vernon,NY,63235,USA,438
Lighthouse Bay,Indianapolis,IN,36055,USA,439
Dwight,Alpharetta,GA,64803,USA,440
Fremont,Saint Louis,MO,11433,USA,441
Bayside,Meridian,MS,45699,USA,442
Mariners Cove,Brooklyn,NY,18108,USA,443
Trailsway,Tacoma,WA,68868,USA,444
Haas,Fort Lauderdale,FL,98308,USA,445
Scoville,Decatur,IL,60209,USA,446
Meadow Vale,Columbus,OH,1006,USA,447
Havey,Dallas,TX,40459,USA,448
Marquette,Louisville,KY,34988,USA,449
Kensington,Philadelphia,PA,77128,USA,450
Debra,Punta Gorda,FL,50223,USA,451
Sherman,Evansville,IN,9961,USA,452
Kennedy,Evansville,IN,79789,USA,453
Judy,Bakersfield,CA,63018,USA,454
Hovde,Carol Stream,IL,57096,USA,455
Elgar,Mc Keesport,PA,87858,USA,456
Nevada,Ridgely,MD,23651,USA,457
Moland,Madison,WI,1221,USA,458
Iowa,Idaho Falls,ID,99608,USA,459
Grover,Mobile,AL,34137,USA,460
Cherokee,Virginia Beach,VA,12427,USA,461
Di Loreto,New York City,NY,74855,USA,462
Artisan,Houston,TX,26940,USA,463
Pennsylvania,Houston,TX,60141,USA,464
Northfield,Tampa,FL,86718,USA,465
Kenwood,Houston,TX,64117,USA,466
Oak,San Diego,CA,50699,USA,467
Buell,Pensacola,FL,3377,USA,468
2nd,Tampa,FL,93699,USA,469
Birchwood,Nashville,TN,87868,USA,470
Clove,Brooksville,FL,9083,USA,471
Grasskamp,Rochester,NY,66926,USA,472
Ohio,Midland,MI,45786,USA,473
Declaration,Dallas,TX,69621,USA,474
Browning,San Diego,CA,68813,USA,475
Elka,Columbia,MO,83769,USA,476
Petterle,Cincinnati,OH,25456,USA,477
Moose,New York City,NY,20857,USA,478
Oak,Honolulu,HI,27405,USA,479
Warrior,Wichita,KS,49847,USA,480
Petterle,Fairfax,VA,76484,USA,481
Springs,Huntington Beach,CA,86388,USA,482
Moose,Sioux Falls,SD,35686,USA,483
Hazelcrest,Farmington,MI,26661,USA,484
Spenser,Fresno,CA,15973,USA,485
Cascade,Pensacola,FL,86023,USA,486
Prairieview,Oxnard,CA,84230,USA,487
Mayfield,Allentown,PA,47767,USA,488
Debra,Miami,FL,1451,USA,489
Crescent Oaks,Arlington,VA,88782,USA,490
Haas,Oklahoma City,OK,1134,USA,491
Oakridge,Austin,TX,70889,USA,492
7th,Waterbury,CT,2063,USA,493
4th,Lubbock,TX,74436,USA,494
Caliangt,Pittsburgh,PA,60513,USA,495
Anthes,Springfield,MA,86559,USA,496
Chinook,Hartford,CT,22339,USA,497
Morningstar,Oklahoma City,OK,52405,USA,498
Green,Springfield,MA,47601,USA,499
Mendota,Herndon,VA,87955,USA,500
Fallview,Oklahoma City,OK,68263,USA,501
Fieldstone,Fairbanks,AK,33199,USA,502
Harbort,Saint Augustine,FL,34548,USA,503
Brentwood,Tampa,FL,57890,USA,504
Kedzie,Baltimore,MD,64904,USA,505
Kennedy,San Diego,CA,55160,USA,506
Derek,Oklahoma City,OK,79057,USA,507
Marquette,Wilmington,DE,61667,USA,508
Green,Reading,PA,45924,USA,509
Jenna,San Bernardino,CA,2025,USA,510
Monument,Tulsa,OK,24614,USA,511
Old Shore,Edmond,OK,67265,USA,512
Debs,Irvine,CA,52898,USA,513
Homewood,Cumming,GA,88721,USA,514
Fieldstone,Ashburn,VA,34699,USA,515
Gulseth,Dayton,OH,30037,USA,516
Brickson Park,Durham,NC,72350,USA,517
Stuart,Olympia,WA,43370,USA,518
Namekagon,Murfreesboro,TN,17300,USA,519
Michigan,Phoenix,AZ,59774,USA,520
Comanche,Brooklyn,NY,58940,USA,521
Crest Line,Omaha,NE,89609,USA,522
Crownhardt,Charlotte,NC,10872,USA,523
Lunder,Anaheim,CA,21080,USA,524
Almo,West Palm Beach,FL,78141,USA,525
Trailsway,Boston,MA,20460,USA,526
Melrose,Phoenix,AZ,97420,USA,527
Nevada,Los Angeles,CA,10328,USA,528
Rusk,El Paso,TX,272,USA,529
Holy Cross,Minneapolis,MN,20303,USA,530
Oneill,Knoxville,TN,46924,USA,531
Texas,Warren,OH,68893,USA,532
Quincy,White Plains,NY,54147,USA,533
Park Meadow,Fort Wayne,IN,2314,USA,534
Manufacturers,Las Vegas,NV,47559,USA,535
Hazelcrest,Charlottesville,VA,26289,USA,536
Randy,Seattle,WA,56402,USA,537
Summer Ridge,Waco,TX,34058,USA,538
Holy Cross,Bloomington,IN,57032,USA,539
Ludington,Austin,TX,57165,USA,540
Express,Atlanta,GA,90686,USA,541
Lindbergh,Oklahoma City,OK,43371,USA,542
Ohio,Erie,PA,50511,USA,543
Oak,Newark,NJ,10469,USA,544
Monterey,Tampa,FL,84698,USA,545
Atwood,Denver,CO,82799,USA,546
Dixon,Farmington,MI,26768,USA,547
Independence,Prescott,AZ,70564,USA,548
Commercial,Oceanside,CA,55946,USA,549
Morningstar,Lexington,KY,89746,USA,550
Center,Los Angeles,CA,31005,USA,551
Bartillon,Alexandria,LA,89488,USA,552
Clarendon,Knoxville,TN,88411,USA,553
Johnson,Aurora,CO,63371,USA,554
Debs,Las Cruces,NM,29401,USA,555
Sugar,Augusta,GA,37367,USA,556
Katie,Des Moines,IA,21377,USA,557
Clove,Johnson City,TN,2468,USA,558
Quincy,Port Charlotte,FL,33191,USA,559
Hayes,Toledo,OH,56446,USA,560
Union,Fort Lauderdale,FL,59965,USA,561
Boyd,Canton,OH,32427,USA,562
Dapin,Saint Joseph,MO,54447,USA,563
Lawn,New York City,NY,63983,USA,564
Clyde Gallagher,Milwaukee,WI,19080,USA,565
Manufacturers,Cincinnati,OH,77891,USA,566
South,Sacramento,CA,9665,USA,567
Buell,Louisville,KY,95846,USA,568
Union,Washington,DC,56402,USA,569
American,Los Angeles,CA,54012,USA,570
Rigney,Virginia Beach,VA,99893,USA,571
Trailsway,Oklahoma City,OK,11464,USA,572
Mandrake,Colorado Springs,CO,45020,USA,573
Crest Line,Newport News,VA,12860,USA,574
La Follette,Austin,TX,98524,USA,575
Anniversary,San Bernardino,CA,41132,USA,576
Butternut,Salt Lake City,UT,40245,USA,577
Jana,Houston,TX,9725,USA,578
Cottonwood,Rochester,NY,7830,USA,579
Packers,Cincinnati,OH,95841,USA,580
Vera,New Orleans,LA,44511,USA,581
Fallview,Memphis,TN,84820,USA,582
Sage,Tampa,FL,5122,USA,583
Ridgeway,Dallas,TX,69350,USA,584
Algoma,Erie,PA,259,USA,585
La Follette,Chicago,IL,90959,USA,586
Lakeland,Iowa City,IA,41563,USA,587
Thompson,San Antonio,TX,16813,USA,588
Red Cloud,Bowie,MD,78449,USA,589
Donald,Corona,CA,34267,USA,590
Butterfield,Honolulu,HI,50476,USA,591
Comanche,Waco,TX,86874,USA,592
6th,Columbus,OH,14524,USA,593
Randy,Richmond,VA,69951,USA,594
Dixon,Salt Lake City,UT,42098,USA,595
Westend,Louisville,KY,39489,USA,596
Holy Cross,Albany,NY,27553,USA,597
Sutteridge,Arlington,TX,68733,USA,598
Atwood,Boston,MA,9030,USA,599
Red Cloud,Dallas,TX,36459,USA,600
Canary,Lincoln,NE,78283,USA,601
Mesta,Omaha,NE,10866,USA,602
Village,San Jose,CA,13603,USA,603
Little Fleur,El Paso,TX,43380,USA,604
Sheridan,Tucson,AZ,14791,USA,605
Hovde,Burbank,CA,25885,USA,606
Karstens,Mobile,AL,59391,USA,607
Eggendart,Everett,WA,85266,USA,608
Marcy,Gainesville,FL,22161,USA,609
Washington,Oklahoma City,OK,24518,USA,610
Monument,Boise,ID,89275,USA,611
Stoughton,Saint Louis,MO,38450,USA,612
Starling,Washington,DC,78823,USA,613
Calypso,Columbus,OH,54212,USA,614
Eastwood,San Jose,CA,98023,USA,615
Annamark,Detroit,MI,7874,USA,616
Hovde,El Paso,TX,2581,USA,617
Westport,Seattle,WA,48864,USA,618
Brown,Waterbury,CT,59540,USA,619
Oakridge,White Plains,NY,5714,USA,620
Sommers,Fort Worth,TX,42119,USA,621
Dryden,Jacksonville,FL,56500,USA,622
Summerview,San Antonio,TX,10279,USA,623
Dennis,Washington,DC,19278,USA,624
Vermont,West Palm Beach,FL,72413,USA,625
Knutson,Billings,MT,9480,USA,626
Veith,Washington,DC,24766,USA,627
Basil,Paterson,NJ,99076,USA,628
Waubesa,Houston,TX,93845,USA,629
Anderson,Baltimore,MD,63967,USA,630
Melby,Toledo,OH,35948,USA,631
Bayside,Grand Forks,ND,31108,USA,632
Onsgard,Murfreesboro,TN,81719,USA,633
American,Humble,TX,78856,USA,634
Stoughton,Jackson,MS,54926,USA,635
Homewood,Washington,DC,96950,USA,636
Pennsylvania,Newark,NJ,1761,USA,637
Eagle Crest,Santa Clara,CA,61788,USA,638
Bowman,Tuscaloosa,AL,84441,USA,639
Briar Crest,El Paso,TX,92336,USA,640
Haas,Omaha,NE,67648,USA,641
4th,Washington,DC,35406,USA,642
Fremont,Colorado Springs,CO,79953,USA,643
Pankratz,Pasadena,CA,77409,USA,644
Pawling,Oakland,CA,72147,USA,645
Fair Oaks,Chicago,IL,20756,USA,646
Manufacturers,Harrisburg,PA,13382,USA,647
Meadow Valley,Honolulu,HI,49069,USA,648
Brickson Park,Jacksonville,FL,5797,USA,649
6th,Bronx,NY,78263,USA,650
Katie,San Antonio,TX,35035,USA,651
Brown,Alexandria,VA,88114,USA,652
Westerfield,Milwaukee,WI,79330,USA,653
Kingsford,Indianapolis,IN,50960,USA,654
Morning,Pasadena,TX,67222,USA,655
Westport,Omaha,NE,51836,USA,656
Victoria,Tulsa,OK,16576,USA,657
Dottie,Fort Collins,CO,80225,USA,658
Elka,Corona,CA,29676,USA,659
Pearson,Oakland,CA,77346,USA,660
Merrick,Toledo,OH,31545,USA,661
Stoughton,Jamaica,NY,28722,USA,662
Glendale,Boston,MA,67563,USA,663
Mcbride,Columbus,OH,22146,USA,664
Anzinger,Omaha,NE,14473,USA,665
Buell,Sacramento,CA,99106,USA,666
Kedzie,Jackson,MS,26016,USA,667
Judy,Ocala,FL,67277,USA,668
Doe Crossing,Maple Plain,MN,44242,USA,669
Everett,Tyler,TX,22670,USA,670
Jenna,Sacramento,CA,820,USA,671
Kinsman,Odessa,TX,55136,USA,672
Kennedy,Mesa,AZ,57452,USA,673
Lerdahl,Grand Rapids,MI,25113,USA,674
Daystar,Corona,CA,35319,USA,675
Twin Pines,Pittsburgh,PA,93274,USA,676
Anzinger,San Jose,CA,38098,USA,677
Vera,New York City,NY,92852,USA,678
Redwing,Pittsburgh,PA,19233,USA,679
Carberry,Chattanooga,TN,87589,USA,680
Center,Frederick,MD,10742,USA,681
Oriole,Brockton,MA,50170,USA,682
Dexter,Lancaster,PA,69011,USA,683
Fisk,Baltimore,MD,82273,USA,684
Green,Washington,DC,99154,USA,685
Ilene,Fort Wayne,IN,44495,USA,686
Kingsford,Charlotte,NC,30373,USA,687
Delladonna,Honolulu,HI,81715,USA,688
5th,Akron,OH,75181,USA,689
Mayer,Sioux Falls,SD,61842,USA,690
Village Green,San Jose,CA,40136,USA,691
Moulton,Flushing,NY,22207,USA,692
Summer Ridge,Brooklyn,NY,42034,USA,693
Division,San Jose,CA,8995,USA,694
Johnson,Louisville,KY,20265,USA,695
Jay,Pomona,CA,75840,USA,696
Loomis,Huntsville,AL,23101,USA,697
Cordelia,Huntington,WV,44325,USA,698
Maple Wood,Port Saint Lucie,FL,19962,USA,699
Kim,New York City,NY,76172,USA,700
Buell,Carson City,NV,53018,USA,701
Fairfield,Hayward,CA,43239,USA,702
Doe Crossing,Minneapolis,MN,63351,USA,703
Mayfield,Portland,OR,71423,USA,704
Main,Toledo,OH,68350,USA,705
Monterey,Phoenix,AZ,14980,USA,706
Ridgeway,Falls Church,VA,98057,USA,707
Pleasure,Miami,FL,53887,USA,708
Iowa,Albuquerque,NM,32128,USA,709
3rd,Cambridge,MA,65962,USA,710
Sherman,Houston,TX,91067,USA,711
Badeau,Louisville,KY,68617,USA,712
Lakewood Gardens,Los Angeles,CA,64900,USA,713
Lakeland,New Orleans,LA,72055,USA,714
Clemons,Minneapolis,MN,55740,USA,715
Browning,Harrisburg,PA,38234,USA,716
Everett,Dayton,OH,56070,USA,717
Victoria,Jamaica,NY,42255,USA,718
Butternut,Richmond,VA,66587,USA,719
Derek,Oklahoma City,OK,66194,USA,720
Washington,Norfolk,VA,47769,USA,721
Manley,Battle Creek,MI,78590,USA,722
Ohio,Seattle,WA,75961,USA,723
Wayridge,Brooklyn,NY,96191,USA,724
Buena Vista,New York City,NY,89361,USA,725
Valley Edge,Berkeley,CA,59915,USA,726
Dwight,Roanoke,VA,24449,USA,727
Badeau,Tucson,AZ,22104,USA,728
Scott,Chattanooga,TN,64777,USA,729
Green,Boston,MA,47105,USA,730
Waubesa,Waco,TX,1699,USA,731
Del Sol,Salem,OR,23198,USA,732
Montana,Columbus,OH,60684,USA,733
Coleman,Erie,PA,33137,USA,734
Kingsford,El Paso,TX,25100,USA,735
Leroy,Colorado Springs,CO,64768,USA,736
Westerfield,San Antonio,TX,40572,USA,737
Crest Line,Philadelphia,PA,18733,USA,738
Texas,Dayton,OH,25805,USA,739
Fairview,Montgomery,AL,86349,USA,740
Crownhardt,Roanoke,VA,68144,USA,741
Raven,Amarillo,TX,50281,USA,742
Marquette,Scottsdale,AZ,67356,USA,743
Lakewood,Tucson,AZ,9575,USA,744
Tennessee,Kansas City,MO,55506,USA,745
Claremont,Albany,NY,53937,USA,746
Northland,Madison,WI,25935,USA,747
Jenna,Jacksonville,FL,30625,USA,748
Vermont,Sacramento,CA,24599,USA,749
Schiller,Baltimore,MD,72197,USA,750
Cascade,Indianapolis,IN,59501,USA,751
Esker,Flushing,NY,54376,USA,752
Meadow Ridge,Washington,DC,26037,USA,753
Hauk,Las Vegas,NV,67222,USA,754
Little Fleur,Arlington,VA,14115,USA,755
Village,San Jose,CA,70211,USA,756
Merchant,Reno,NV,49622,USA,757
Hintze,Charlotte,NC,11526,USA,758
Barnett,Bellevue,WA,39872,USA,759
Evergreen,Biloxi,MS,72199,USA,760
Chinook,Toledo,OH,26709,USA,761
Bashford,Corpus Christi,TX,25009,USA,762
Rowland,Nashville,TN,5999,USA,763
Bunker Hill,Atlanta,GA,13911,USA,764
Dryden,Richmond,VA,80388,USA,765
Scott,White Plains,NY,40240,USA,766
Redwing,Denton,TX,71857,USA,767
Garrison,Washington,DC,41520,USA,768
Judy,Lawrenceville,GA,67332,USA,769
Lakewood,Appleton,WI,33891,USA,770
Sugar,Wilmington,NC,66839,USA,771
Ronald Regan,Montgomery,AL,3782,USA,772
Old Shore,Gainesville,FL,59584,USA,773
Continental,Fort Worth,TX,71344,USA,774
Springs,Charlotte,NC,44693,USA,775
Del Sol,Fort Lauderdale,FL,76516,USA,776
Jenna,Dallas,TX,52719,USA,777
Gulseth,Lancaster,CA,44419,USA,778
Texas,Grand Rapids,MI,27858,USA,779
Havey,Birmingham,AL,84511,USA,780
Sage,El Paso,TX,71481,USA,781
Main,Warren,MI,1790,USA,782
Sundown,Pasadena,CA,19101,USA,783
Comanche,Seattle,WA,86953,USA,784
Meadow Vale,Fort Collins,CO,44469,USA,785
Westend,Columbus,MS,64732,USA,786
Maryland,New York City,NY,93045,USA,787
Saint Paul,Nashville,TN,6286,USA,788
Del Mar,Wichita Falls,TX,19467,USA,789
Eagle Crest,Atlanta,GA,66897,USA,790
Jenifer,Salem,OR,65032,USA,791
Kensington,Saint Louis,MO,85445,USA,792
Lotheville,Dallas,TX,48815,USA,793
Merry,Rockford,IL,69368,USA,794
Norway Maple,Spring Hill,FL,29349,USA,795
Lakewood Gardens,Detroit,MI,80149,USA,796
Arizona,New Orleans,LA,76102,USA,797
Autumn Leaf,Hattiesburg,MS,42406,USA,798
Hollow Ridge,Lakewood,WA,51020,USA,799
Ilene,Washington,DC,34274,USA,800
Dahle,Mobile,AL,74636,USA,801
Hollow Ridge,Miami,FL,26738,USA,802
Mayfield,Evansville,IN,48050,USA,803
Bluejay,Jacksonville,FL,90379,USA,804
Green,Duluth,MN,6799,USA,805
Doe Crossing,Winston Salem,NC,52547,USA,806
Rutledge,Tucson,AZ,35460,USA,807
Loftsgordon,New York City,NY,86347,USA,808
Dorton,Indianapolis,IN,4722,USA,809
Prairie Rose,Grand Rapids,MI,36951,USA,810
Pennsylvania,Charlotte,NC,72685,USA,811
Springs,Decatur,IL,85310,USA,812
New Castle,Washington,DC,54582,USA,813
Morning,Alpharetta,GA,25448,USA,814
Sycamore,Peoria,IL,13280,USA,815
Columbus,Jacksonville,FL,44916,USA,816
Crowley,Chicago,IL,44545,USA,817
Kings,Springfield,IL,37484,USA,818
Larry,Richmond,VA,45513,USA,819
Thackeray,Saint Petersburg,FL,41389,USA,820
Graedel,Louisville,KY,54430,USA,821
Village,Amarillo,TX,12908,USA,822
Shelley,Shawnee Mission,KS,7954,USA,823
Green,Hartford,CT,67146,USA,824
Hintze,Richmond,VA,72706,USA,825
Carey,Youngstown,OH,8174,USA,826
Vera,Muncie,IN,76230,USA,827
Carey,Syracuse,NY,23863,USA,828
Shopko,Omaha,NE,72375,USA,829
Meadow Ridge,Montgomery,AL,16309,USA,830
Arapahoe,Tallahassee,FL,5157,USA,831
Waxwing,Southfield,MI,1845,USA,832
Spaight,Saint Louis,MO,39076,USA,833
Talmadge,Portland,OR,35755,USA,834
Oak,Bryan,TX,66915,USA,835
Buena Vista,Los Angeles,CA,53389,USA,836
Westridge,Littleton,CO,57540,USA,837
Sherman,Houston,TX,43410,USA,838
Morrow,Saint Louis,MO,39427,USA,839
Kensington,Dallas,TX,40583,USA,840
Claremont,Hamilton,OH,30363,USA,841
Dovetail,Winter Haven,FL,84664,USA,842
Northwestern,Richmond,VA,44247,USA,843
Delaware,Great Neck,NY,5843,USA,844
Jackson,Washington,DC,66702,USA,845
Acker,Memphis,TN,519,USA,846
Butterfield,Lexington,KY,96948,USA,847
Little Fleur,San Diego,CA,48406,USA,848
John Wall,Salem,OR,1590,USA,849
Goodland,Montgomery,AL,54315,USA,850
Tennyson,Pensacola,FL,72470,USA,851
Novick,Tampa,FL,65300,USA,852
Summer Ridge,Oklahoma City,OK,77244,USA,853
Dakota,Virginia Beach,VA,53654,USA,854
Birchwood,Loretto,MN,26629,USA,855
Eggendart,Omaha,NE,14667,USA,856
Warrior,Atlanta,GA,67414,USA,857
Warbler,New Orleans,LA,49839,USA,858
Towne,Decatur,IL,94566,USA,859
Forest Run,Louisville,KY,84407,USA,860
Sunbrook,Washington,DC,72248,USA,861
Fuller,Orlando,FL,2933,USA,862
Independence,Albany,GA,61667,USA,863
Starling,Akron,OH,42007,USA,864
Brickson Park,Milwaukee,WI,15165,USA,865
Derek,Suffolk,VA,60897,USA,866
Hoepker,Honolulu,HI,21774,USA,867
Ryan,Washington,DC,99854,USA,868
Springview,El Paso,TX,21691,USA,869
Bartelt,Sacramento,CA,94729,USA,870
Elgar,Tampa,FL,61068,USA,871
Namekagon,Irvine,CA,94665,USA,872
Nancy,Waco,TX,91459,USA,873
Red Cloud,El Paso,TX,18906,USA,874
Rusk,Jacksonville,FL,14009,USA,875
Carpenter,Oklahoma City,OK,78681,USA,876
Buena Vista,Las Vegas,NV,77380,USA,877
Spaight,Washington,DC,92275,USA,878
Northfield,New Orleans,LA,44487,USA,879
Vahlen,Dallas,TX,64227,USA,880
Kedzie,Orlando,FL,31940,USA,881
Weeping Birch,Greensboro,NC,89279,USA,882
Anzinger,Tyler,TX,548,USA,883
Briar Crest,Washington,DC,3607,USA,884
Dottie,Salt Lake City,UT,41276,USA,885
Carey,Arlington,VA,36943,USA,886
Emmet,Denver,CO,34181,USA,887
Sugar,Flushing,NY,5497,USA,888
Westend,Minneapolis,MN,41648,USA,889
Westport,Round Rock,TX,1377,USA,890
Porter,Bradenton,FL,27829,USA,891
Hooker,Lakeland,FL,12382,USA,892
Hazelcrest,Raleigh,NC,40801,USA,893
Bashford,Fort Smith,AR,91050,USA,894
Corry,Kansas City,MO,64087,USA,895
Dawn,Lake Worth,FL,69945,USA,896
Melrose,Springfield,MO,66294,USA,897
Manitowish,Birmingham,AL,10265,USA,898
Service,Wilmington,DE,95104,USA,899
Bartillon,Peoria,IL,26992,USA,900
Hudson,Dallas,TX,46972,USA,901
Annamark,Seattle,WA,37005,USA,902
Mcbride,New York City,NY,28695,USA,903
4th,Miami,FL,35231,USA,904
Sommers,Pompano Beach,FL,21822,USA,905
Brentwood,Panama City,FL,14560,USA,906
Arrowood,Dallas,TX,22569,USA,907
Onsgard,El Paso,TX,52838,USA,908
Meadow Ridge,Columbia,SC,82482,USA,909
Golf View,Wichita,KS,43124,USA,910
Loomis,San Jose,CA,9594,USA,911
Claremont,San Diego,CA,75377,USA,912
Troy,Nashville,TN,58941,USA,913
Hanover,Baltimore,MD,32298,USA,914
Saint Paul,Atlanta,GA,80982,USA,915
Warbler,Salem,OR,49710,USA,916
Vahlen,Nashville,TN,7900,USA,917
Ruskin,Bakersfield,CA,66855,USA,918
Lighthouse Bay,Boston,MA,14238,USA,919
Vermont,Riverside,CA,18985,USA,920
Buena Vista,Springfield,IL,21594,USA,921
Vermont,Farmington,MI,92791,USA,922
Oak Valley,Stockton,CA,95965,USA,923
7th,Duluth,GA,4319,USA,924
Steensland,Shreveport,LA,84102,USA,925
Sunfield,Kansas City,MO,16893,USA,926
Montana,Torrance,CA,51931,USA,927
Almo,Daytona Beach,FL,98612,USA,928
Scott,Albuquerque,NM,45936,USA,929
Stang,San Francisco,CA,69522,USA,930
Crest Line,Spokane,WA,11076,USA,931
Cherokee,Decatur,GA,22532,USA,932
Mockingbird,Grand Rapids,MI,994,USA,933
Hallows,San Diego,CA,45956,USA,934
Nova,Washington,DC,87253,USA,935
Bultman,Billings,MT,59364,USA,936
Hoffman,Louisville,KY,85184,USA,937
Homewood,Peoria,AZ,97170,USA,938
Fair Oaks,Louisville,KY,17420,USA,939
Green,Los Angeles,CA,27346,USA,940
Northridge,Pensacola,FL,90906,USA,941
Columbus,Carlsbad,CA,82736,USA,942
Dennis,Daytona Beach,FL,24816,USA,943
Autumn Leaf,Houston,TX,21304,USA,944
Westport,San Diego,CA,98218,USA,945
Meadow Vale,Tyler,TX,38398,USA,946
Hoffman,Decatur,GA,37493,USA,947
Chinook,San Antonio,TX,91478,USA,948
Sundown,Raleigh,NC,77380,USA,949
Grasskamp,Loretto,MN,21190,USA,950
Carberry,Lafayette,LA,70873,USA,951
Fairfield,Saginaw,MI,68711,USA,952
Vernon,Canton,OH,2673,USA,953
Vahlen,Chicago,IL,18147,USA,954
Moland,Huntington Beach,CA,81462,USA,955
Mockingbird,Dallas,TX,46428,USA,956
Debs,El Paso,TX,44636,USA,957
Commercial,New York City,NY,10721,USA,958
Mallard,Canton,OH,52703,USA,959
Heffernan,Mc Keesport,PA,5488,USA,960
Transport,Denver,CO,47539,USA,961
Oak Valley,Youngstown,OH,80629,USA,962
Florence,Saint Louis,MO,80142,USA,963
Becker,Lancaster,PA,14626,USA,964
Forest,Newton,MA,24529,USA,965
Elmside,Oklahoma City,OK,96600,USA,966
Mariners Cove,Waterloo,IA,37291,USA,967
Hoepker,Augusta,GA,87309,USA,968
Macpherson,Macon,GA,90216,USA,969
Green,Fort Myers,FL,85629,USA,970
Autumn Leaf,Olympia,WA,27590,USA,971
Grayhawk,Denver,CO,55072,USA,972
Harper,Los Angeles,CA,65664,USA,973
Old Gate,High Point,NC,82563,USA,974
Eggendart,Boulder,CO,55584,USA,975
Lukken,Chicago,IL,19553,USA,976
Forest Run,Jamaica,NY,67519,USA,977
Buhler,Dallas,TX,84404,USA,978
Little Fleur,Billings,MT,82463,USA,979
Cody,Washington,DC,49257,USA,980
Parkside,Washington,DC,98006,USA,981
Magdeline,Shreveport,LA,42295,USA,982
Lyons,New York City,NY,38924,USA,983
Center,Tampa,FL,53975,USA,984
Parkside,Denver,CO,32297,USA,985
Oneill,Honolulu,HI,71411,USA,986
Twin Pines,Baltimore,MD,8435,USA,987
School,Kansas City,MO,3032,USA,988
Meadow Valley,San Diego,CA,19117,USA,989
Esker,Orlando,FL,94918,USA,990
Marcy,Wilmington,NC,20541,USA,991
Almo,Los Angeles,CA,1477,USA,992
Arizona,Philadelphia,PA,82170,USA,993
Fallview,New Bedford,MA,51035,USA,994
Judy,Tacoma,WA,67728,USA,995
West,Escondido,CA,49109,USA,996
Vernon,Birmingham,AL,7234,USA,997
Mayfield,Brockton,MA,1394,USA,998
Shasta,Saint Louis,MO,43660,USA,999
Sage,Springfield,IL,23893,USA,1000
