name,title,content
Sutherland,Pula Airport,Gazella thompsonii
Ulises,Chungribu Airport,Eubalaena australis
Aubry,Stillwater Regional Airport,Creagrus furcatus
Flory,Armidale Airport,Sylvilagus floridanus
Gianna,Akjoujt Airport,Sula dactylatra
Worthington,Mariánské Lázně Airport,Gyps bengalensis
Burl,Yalgoo Airport,Agelaius phoeniceus
Fidelia,Umeå Airport,Vulpes cinereoargenteus
Mort,Pedro Bay Airport,Leptoptilos crumeniferus
Valentina,H H Coffield Regional Airport,Rana sp.
Cletus,Columbia Metropolitan Airport,Agkistrodon piscivorus
Pierson,Boulia Airport,Pitangus sulphuratus
Jaime,Pitts Town Airport,Morelia spilotes variegata
Pen,Tahsis Seaplane Base,Trichoglossus haematodus moluccanus
Allene,Kawito Airport,Mustela nigripes
Janenna,Lupin Airport,Anastomus oscitans
Dorita,Binaka Airport,Equus burchelli
Tynan,Lycksele Airport,Spizaetus coronatus
Vinson,Jack Mc Namara Field Airport,Leptoptilus dubius
Austina,Ilu Airport,Eumetopias jubatus
Delila,Smith Point Airport,Geochelone elephantopus
Arturo,Santa Maria da Vitória Airport,Cabassous sp.
Veronica,Cincinnati Northern Kentucky International Airport,Naja haje
Felix,Tarcoola Airport,Centrocercus urophasianus
Gaile,Kuri Airport,Numida meleagris
Virginia,Barriles Airport,Sus scrofa
Crista,Gorna Oryahovitsa Airport,Erinaceus frontalis
Chad,Suffield Heliport,Bettongia penicillata
Petunia,Stan Stamper Municipal Airport,Mazama gouazoubira
Charlean,Farafangana Airport,Pelecanus conspicillatus
Lindsey,Ioannina Airport,Crax sp.
Dre,Repulse Bay Airport,Lophoaetus occipitalis
Adrea,Playa Baracoa Airport,Climacteris melanura
Fredric,Port Simpson Seaplane Base,Corallus hortulanus cooki
Perry,Naukati Bay Seaplane Base,Odocoilenaus virginianus
Brooks,RAF Cottesmore,Oryx gazella callotis
Wylma,Hong Kong International Airport Kai Tak,Ourebia ourebi
Sheela,Salamo Airport,Macropus robustus
Joly,Wilhelmshaven-Mariensiel Airport,Phoenicopterus ruber
Seamus,Livermore Municipal Airport,Anastomus oscitans
Lynde,Horn Island Airport,Phalacrocorax niger
Starla,Chanute Martin Johnson Airport,Cacatua tenuirostris
Adlai,Treasure Cay Airport,Taxidea taxus
Jorgan,Lowai Airport,Dolichitus patagonum
Marilyn,Cheraw Municipal Airport/Lynch Bellinger Field,Bucephala clangula
Jeane,Goya Airport,Speothos vanaticus
Olive,Los Colonizadores Airport,Stenella coeruleoalba
Broddie,San Tomé Airport,Alcelaphus buselaphus caama
Justus,Chevery Airport,Uraeginthus granatina
Bobbee,Central Nebraska Regional Airport,Felis caracal
Timotheus,Roberts Field,Streptopelia senegalensis
Ame,Nogliki Airport,Phalacrocorax brasilianus
Knox,Balakovo Airport,unavailable
Petra,Las Malvinas/Echarate Airport,Macropus fuliginosus
Willy,Amahai Airport,Capreolus capreolus
Nealon,Doongan Airport,Spilogale gracilis
Gav,Gao Airport,Mephitis mephitis
Morie,Ua Huka Airport,Tyto novaehollandiae
Anabella,Nyeri Airport,Trichosurus vulpecula
Carey,Diagoras Airport,Ephipplorhynchus senegalensis
Francesca,Modesto City Co-Harry Sham Field,Anas punctata
Daphne,Kerry Airport,Canis aureus
Renelle,Paya Lebar Air Base,Anser caerulescens
Leigha,Ft Devens Moore Army Air Field,Colobus guerza
Lazar,Cherry Capital Airport,Panthera leo
Anastasie,Salak Airport,Acanthaster planci
Percy,Heiweni Airport,Carduelis uropygialis
Fionnula,Masalembo Airport,Laniarius ferrugineus
Rice,Tampa North Aero Park Airport,Dasyurus viverrinus
Philly,Yucca Airstrip,Toxostoma curvirostre
Pearle,Gustaf III Airport,Calyptorhynchus magnificus
Georgine,Naval Station Mayport (Admiral David L. Mcdonald Field),Struthio camelus
Kaycee,Town Airstrip,Nycticorax nycticorax
Claudell,Charleville-Mézières Airport,Phoca vitulina
Del,North Bay Jack Garland Airport,Papio cynocephalus
Raynell,Machado Airport,Sylvicapra grimma
Dorella,Debre Tabor Airport,Paraxerus cepapi
Kimmi,Oudtshoorn Airport,unavailable
Erastus,Mariquita Airport,Felis concolor
Steve,Lewis University Airport,Ratufa indica
Niki,Bourke Airport,Phalaropus lobatus
Timmy,Hefei Luogang International Airport,unavailable
Fabien,Mostaganem Airport,Graspus graspus
Meghann,Rugao Air Base,Zalophus californicus
Ode,Maryborough Airport,Spheniscus mendiculus
Ingaberg,Rechlin-Lärz Airport,Mephitis mephitis
Griz,Thule Air Base,Nesomimus trifasciatus
Cortie,Regina International Airport,Diomedea irrorata
Al,Pope Field,Phalaropus lobatus
Clary,El Plumerillo Airport,Rhea americana
Heath,Moyale Airport,Scolopax minor
Ursula,Hamburg Airport,Sterna paradisaea
Inger,Etadunna Airport,Mycteria leucocephala
Stephen,Camiri Airport,Colaptes campestroides
Schuyler,Lab Lab Airport,Microcavia australis
Phip,Sechelt-Gibsons Airport,Nasua narica
Trey,Bayannur Tianjitai Airport,unavailable
Jade,Bialla Airport,Tursiops truncatus
Rufe,Hyder Seaplane Base,Canis latrans
Ahmad,Mc Connell Air Force Base,Dacelo novaeguineae
Michelina,Westray Airport,Canis aureus
Jaimie,Rosita Airport,Columba livia
Eula,Thimarafushi Airport,Actophilornis africanus
Colleen,Mifflin County Airport,Bucorvus leadbeateri
Orlan,Courtenay Airpark,Uraeginthus granatina
Matty,Fort St John Airport,Bison bison
Doralia,Truscott-Mungalalu Airport,Passer domesticus
Dyana,San Fernando De Apure Airport,Theropithecus gelada
Conant,Karasburg Airport,Varanus salvator
Neely,Frankfurt-Hahn Airport,Acrobates pygmaeus
Neale,Tibooburra Airport,Zonotrichia capensis
Ken,Darnley Island Airport,Coendou prehensilis
Aline,Hartley Bay Seaplane Base,Actophilornis africanus
Nyssa,RAF Brize Norton,Eolophus roseicapillus
Emmey,Sélibaby Airport,Tachyglossus aculeatus
Ynez,Juan Manuel Galvez International Airport,Vulpes chama
Stacia,Annemasse Airport,Dicrostonyx groenlandicus
Davida,St Cloud Regional Airport,Aonyx cinerea
Oona,Langley Airport,Theropithecus gelada
Debor,Schenck Field,Galago crassicaudataus
Helena,Moroak Airport,Chordeiles minor
Lilith,Detroit Lakes Airport - Wething Field,Microcebus murinus
Charlie,Decatur HI-Way Airfield,Calyptorhynchus magnificus
Mattias,Dublin Airport,Corvus albicollis
Basile,Deception Airport,Calyptorhynchus magnificus
Kimble,Lawrence County Airpark,Himantopus himantopus
Delaney,Sudbury Airport,Centrocercus urophasianus
Blake,Lumberton Regional Airport,Papio ursinus
Merissa,Simanggang Airport,Marmota caligata
Jo-ann,Capitán FAP Guillermo Concha Iberico International Airport,Macaca mulatta
Adara,Mulga Park Airport,Chionis alba
Marlena,Birmingham International Airport,Cacatua tenuirostris
Paulette,Puerto Armuelles Airport,Priodontes maximus
Hendrick,General Ignacio P. Garcia International Airport,Lamprotornis superbus
Lauree,Manhattan Regional Airport,Stercorarius longicausus
Mikael,Shijiazhuang Daguocun International Airport,Hippotragus niger
Hyatt,Hunter Army Air Field,Lorythaixoides concolor
Heidi,Carutapera Airport,Coendou prehensilis
Rollo,Doany Airport,Bos frontalis
Grannie,Sekakes Airport,Ardea golieth
Hazel,Carlos Rovirosa Pérez International Airport,Ninox superciliaris
Agosto,Windsor Airport,Tadorna tadorna
Thaddeus,Rio Amazonas Airport,Zonotrichia capensis
Craggy,Kawthoung Airport,Odocoilenaus virginianus
Cherlyn,Schwerin Parchim Airport,Geochelone elephantopus
Elinor,Louis Armstrong New Orleans International Airport,Otocyon megalotis
Earlie,Palanga International Airport,Phoca vitulina
Philippine,Santiago Vila Airport,Coendou prehensilis
Gibb,Xieng Khouang Airport,Damaliscus dorcas
Carce,Corisco International Airport,Otocyon megalotis
Codee,Unifly Heliport,Ardea cinerea
Zonnya,Cabo Frio Airport,Macropus robustus
Donia,Nyngan Airport,Varanus salvator
Stacy,Palm Beach International Airport,Columba livia
Annaliese,RAF Wildenrath,Nyctea scandiaca
Jayme,Waterloo Airport,Ateles paniscus
Corrie,Gombe Lawanti International Airport,Neophron percnopterus
Eduardo,Minlaton Airport,Crotalus adamanteus
Charlean,Nomane Airport,Chlidonias leucopterus
Tann,Eastern Sierra Regional Airport,Ardea cinerea
Germayne,Levelock Airport,Phascogale calura
Arlin,Dawson Creek Airport,Bubulcus ibis
Way,La Guardia Airport,Microcebus murinus
Brandon,Flensburg-Schäferhaus Airport,Eolophus roseicapillus
Brittni,Sesheke Airport,Nucifraga columbiana
Colver,Grumman Bethpage Airport,Colobus guerza
Benoit,Monmouth Executive Airport,Axis axis
Leelah,Deniliquin Airport,Otocyon megalotis
Ira,Wanxian Airport,Phoca vitulina
Ephrem,Maestro Marinho Franco Airport,Chelodina longicollis
Pembroke,F. D. Roosevelt Airport,Passer domesticus
Perice,Newcastle Airport,Tayassu pecari
Carita,Golmud Airport,Canis lupus lycaon
Marita,Thumrait Air Base,Lybius torquatus
Marion,Erenhot Saiwusu International Airport,Carphophis sp.
Baird,Chute-Des-Passes/Lac Margane Seaplane Base,Hippopotamus amphibius
Ellerey,Lake Rudolf Airport,Geochelone elephantopus
Payton,Beihai Airport,Larus novaehollandiae
Giorgi,Fairbanks International Airport,Dendrocygna viduata
Pebrook,Palonegro Airport,Macropus parryi
Loy,Kol Airport,Meles meles
Berti,Tongareva Airport,Colobus guerza
Laverne,Omora Airport,Heloderma horridum
Roldan,Akiak Airport,Oxybelis fulgidus
Keriann,Bisha Airport,Castor fiber
Ad,Timber Creek Airport,Conolophus subcristatus
Charin,Tajima Airport,Castor fiber
Miquela,Bontang Airport,Streptopelia senegalensis
Fonz,Tikapur Airport,Streptopelia decipiens
Abie,Cowley Airport,Hystrix cristata
Issy,Lusambo Airport,Lophoaetus occipitalis
Jermaine,Fasa Airport,Felis libyca
Napoleon,Alicante International Airport,Rhea americana
Helena,Hudsons Hope Airport,Herpestes javanicus
Nicko,Kalamata Airport,Phoenicopterus chilensis
Euphemia,Shindand Airport,Ardea cinerea
Walsh,Norsup Airport,Colaptes campestroides
Kary,Syros Airport,Butorides striatus
Walther,Kelani-Peliyagoda Seaplane Base,Bubo virginianus
Donny,Fua'amotu International Airport,Rhabdomys pumilio
Arturo,Shikarpur Airport,Chlamydosaurus kingii
Jarid,Maharana Pratap Airport,Laniaurius atrococcineus
Nanette,Mesquite Airport,Loxodonta africana
Shaw,Anuha Island Resort Airport,Aonyx cinerea
Kathy,Trent Lott International Airport,Corallus hortulanus cooki
Sherrie,Óbidos Airport,Bradypus tridactylus
Livvy,Pécs-Pogány Airport,Felis concolor
Joelle,Savannah Hilton Head International Airport,Pelecanus conspicillatus
Derward,Billings Logan International Airport,Lemur catta
Ginger,Shillong Airport,Procyon cancrivorus
Phillie,The Monument Airport,Aonyx capensis
Ethel,Neil Armstrong Airport,Ceratotherium simum
Darelle,Rzhevka Airport,Branta canadensis
Lutero,Virgin Gorda Airport,Eudyptula minor
Anabel,Balcanoona Airport,Isoodon obesulus
Durant,Kaikohe Airport,Cynictis penicillata
Orel,Genoa Cristoforo Colombo Airport,Ictalurus furcatus
Allina,Şırnak Şerafettin Elçi Airport,Choloepus hoffmani
Wendeline,Dasht-e Naz Airport,Vanellus chilensis
Jaymie,Mangalore International Airport,Globicephala melas
Janet,Rosario Seaplane Base,Streptopelia decipiens
Eddie,Dongshan Airport,Haliaetus vocifer
Cecil,Celle Airport,Gazella thompsonii
Griffin,Muscatine Municipal Airport,Grus antigone
Georgette,Dikson Airport,Coracias caudata
Donovan,Umiujaq Airport,Pavo cristatus
Cissiee,Marakei Airport,Isoodon obesulus
Dido,Moshoeshoe I International Airport,Thylogale stigmatica
Sarena,Wolter Monginsidi Airport,Dasyurus maculatus
Dall,Inishmore Aerodrome,Oryx gazella
Ginni,Almirante Marco Andres Zar Airport,Agkistrodon piscivorus
Toby,Maxson Airfield,Physignathus cocincinus
Nona,Lopez Island Airport,Dicrurus adsimilis
Olav,Galcaio Airport,Cacatua tenuirostris
Shauna,Domodedovo International Airport,Vanessa indica
Dorise,Oslo Gardermoen Airport,Acrobates pygmaeus
Goran,Obbia Airport,Sylvicapra grimma
Cassaundra,Maubeuge-Élesmes Airport,Bison bison
Man,Tsaratanana Airport,Chloephaga melanoptera
Kerk,Jagdalpur Airport,Bubalornis niger
Abba,Dubai Creek SPB,Snycerus caffer
Freida,Kahramanmaraş Airport,Dicrostonyx groenlandicus
Sal,Potchefstroom Airport,Francolinus coqui
Abbot,Midland International Airport,Threskionis aethiopicus
Sondra,Gordonsville Municipal Airport,Echimys chrysurus
Dame,Lord Howe Island Airport,Crotalus adamanteus
Wells,Daet Airport,Echimys chrysurus
Michelle,Idaho Falls Regional Airport,Tenrec ecaudatus
Charmane,Hengchun Airport,Laniarius ferrugineus
Dwain,Bisbee Municipal Airport,Cordylus giganteus
Enoch,Broken Hill Airport,Pterocles gutturalis
Frederique,Fabio Alberto Leon Bentley Airport,Colobus guerza
Bourke,Birmingham International Airport,Arctogalidia trivirgata
Adi,Tulsipur Airport,Felis concolor
Breanne,Mary Airport,Varanus komodensis
Elie,Wright-Patterson Air Force Base,Odocoilenaus virginianus
Theodor,Vilnius International Airport,Kobus vardonii vardoni
Jordanna,Bayankhongor Airport,Kobus vardonii vardoni
Charlton,Sainte Marie Airport,Nasua narica
Had,Louisville Winston County Airport,Cordylus giganteus
Dedie,Kota Airport,Galictis vittata
Ermanno,Zonalnoye Airport,Macropus eugenii
Janaya,Ramón Villeda Morales International Airport,Zosterops pallidus
Margalo,Kikai Airport,Isoodon obesulus
Marten,Sembach Air Base,Panthera leo persica
Christi,Kerama Airport,Geochelone elephantopus
Tabina,Ukunda Airstrip,Lepus townsendii
Carmita,Ardmore Airport,Corythornis cristata
Tabor,Emerald Airport,Francolinus coqui
Rosaline,Southampton Airport,Mephitis mephitis
Farrell,Utila Airport,Bassariscus astutus
Katee,CFB Greenwood,Catharacta skua
Irma,Waskaganish Airport,Felis concolor
Filmore,Jubail Airport,Crocuta crocuta
Jerad,Plattsburgh International Airport,Lamprotornis nitens
Isador,Mornington Island Airport,Suricata suricatta
Lorrin,Minsk National Airport,Coluber constrictor
Damiano,Taba International Airport,Dendrocitta vagabunda
Hallie,Harrison County Airport,Bucorvus leadbeateri
Si,Las Flores Airport,Acrantophis madagascariensis
Jenn,Mogador Airport,Suricata suricatta
Ree,Yellowstone Airport,Cebus apella
Felicia,Napperby Airport,Columba livia
Grady,Monaco Heliport,Bos taurus
Ruprecht,Robinson River Airport,Phascogale tapoatafa
Hendrik,Wheeler Army Airfield,Chauna torquata
Samaria,Regina Airport,Tetracerus quadricornis
Lebbie,Sparrevohn LRRS Airport,Tayassu tajacu
Sigismond,Natuashish Airport,Macropus robustus
Robbi,Northeast Iowa Regional Airport,Halcyon smyrnesis
Courtenay,Senai International Airport,Francolinus leucoscepus
Anny,Haverfordwest Airport,Colobus guerza
Stefa,Confresa Airport,Crotalus cerastes
Wakefield,Volgograd International Airport,Felis caracal
Mordy,RAF Honington,Acridotheres tristis
Farris,Manihiki Island Airport,Sarcorhamphus papa
Rayna,Daly River Airport,Columba livia
Janis,Twentynine Palms Airport,Erethizon dorsatum
Yorker,Khabarovsk-Novy Airport,Conolophus subcristatus
Base,Pimenta Bueno Airport,Phascogale calura
Franni,Erechim Airport,Myrmecobius fasciatus
Grantley,Grand Canyon National Park Airport,Microcebus murinus
Judie,Stanton Airfield,unavailable
Fee,Nejjo Airport,Antechinus flavipes
Napoleon,Pinheiro Airport,Lemur catta
Rani,Karimui Airport,Buteo jamaicensis
Feliza,Morgantown Municipal Walter L. Bill Hart Field,Tockus erythrorhyncus
Elnore,Leme Airport,Vanessa indica
Lonnie,Murray Field,Ephippiorhynchus mycteria
Wilma,Kebar Airport,Cyrtodactylus louisiadensis
Hailee,Mc Allen Miller International Airport,Mellivora capensis
Kalvin,Silver Creek Airport,Graspus graspus
Darleen,Sheppard Air Force Base-Wichita Falls Municipal Airport,Chlamydosaurus kingii
Nathalia,Carcassonne Airport,Sitta canadensis
Conrado,Jerez Airport,Equus hemionus
Mordecai,Machu Pichu Airport,Coluber constrictor
Kent,Iturup Airport,Ara chloroptera
Alvie,Joplin Regional Airport,Tockus flavirostris
Uta,Kondavattavana Tank Seaplane Base,Bassariscus astutus
Agretha,Zabreh Ostrava Airport,Ceryle rudis
Sherill,Thisted Airport,Felis libyca
Sibbie,Santa Monica Municipal Airport,Isoodon obesulus
Ryley,Tadjoura Airport,Eolophus roseicapillus
Anders,Medina Airport,Felis silvestris lybica
Adham,Huesca/Pirineos Airport,Buteo regalis
Alyosha,Hazrat Shahjalal International Airport,Bradypus tridactylus
Jenilee,General Guadalupe Victoria International Airport,Mellivora capensis
Carrissa,Igloolik Airport,Diomedea irrorata
Rabi,Ouadda Airport,Notechis semmiannulatus
Nickola,El Arish International Airport,Trachyphonus vaillantii
Sophie,Sharpe Field,Spermophilus parryii
Malanie,Oryol Yuzhny Airport,Anthropoides paradisea
Viviana,Yaoundé Airport,Vanellus armatus
Sasha,Abengourou Airport,Chamaelo sp.
Almeda,Okao Airport,Diomedea irrorata
Corinna,Ailinglaplap Airok Airport,Lasiorhinus latifrons
Thornie,Cap Manuel Niño International Airport,Marmota monax
Clarice,Kornasoren Airfield,Porphyrio porphyrio
Calvin,Gallup Municipal Airport,Tayassu pecari
Fernande,Westsound/Wsx Seaplane Base,Alcelaphus buselaphus caama
Lesli,False Pass Airport,Tragelaphus strepsiceros
Yolande,Shonai Airport,Limnocorax flavirostra
Kassia,Ryan's Creek Aerodrome,Pterocles gutturalis
Raddy,Keesler Air Force Base,Dendrocitta vagabunda
Woodman,Tynda Airport,Mazama gouazoubira
Melitta,Sovetskiy Airport,Equus burchelli
Lynn,Cagliari Elmas Airport,Bubalus arnee
Ivor,Rajahmundry Airport,Taxidea taxus
Cybill,Bawan Airport,Dusicyon thous
Marjory,Mati National Airport,Catharacta skua
Oliviero,Bhurban Heliport,Cacatua tenuirostris
Thornton,Ilebo Airport,Genetta genetta
Sauveur,Sitkinak Airport,Equus burchelli
Cull,Zoersel (Oostmalle) Airfield,Pavo cristatus
Rosaleen,Yiwu Airport,Fratercula corniculata
Lowrance,Mount Hotham Airport,Uraeginthus angolensis
Casey,Cortes Bay Water Aerodrome,Lybius torquatus
Roslyn,Kambuaya Airport,Phoeniconaias minor
Rosabelle,Gunnedah Airport,Meleagris gallopavo
Renault,Orange Airport,Cercatetus concinnus
Heddie,Hot Springs County Airport,Panthera leo
Gerhard,Pokhara Airport,Canis aureus
Britni,Kearney Regional Airport,Ara chloroptera
Mufi,Sumburgh Airport,Zosterops pallidus
Chevalier,Værøy Heliport,Loris tardigratus
Milty,Chacalluta Airport,Crocodylus niloticus
Maxine,Kasaba Bay Airport,Stenella coeruleoalba
Darda,Belo sur Tsiribihina Airport,unavailable
Cordy,Alverca Air Base,Connochaetus taurinus
Margery,Ivishak Airport,Arctogalidia trivirgata
Farley,Yalinga Airport,Melursus ursinus
Kaile,San Angelo Regional Mathis Field,Aegypius tracheliotus
Zed,Schönhagen Airport,Phalaropus fulicarius
Carol,Grafton Airport,Castor canadensis
Zack,Ann Arbor Municipal Airport,Dasypus septemcincus
Bale,Berlin-Schönefeld Airport,Libellula quadrimaculata
Hailee,Fakfak Airport,Pitangus sulphuratus
Tudor,Oslo Gardermoen Airport,Microcebus murinus
Bronnie,James M Cox Dayton International Airport,Tockus erythrorhyncus
Susann,Papa Stour Airport,Gyps bengalensis
Christina,Mkambati Airport,Anser anser
Ugo,Newport State Airport,Callorhinus ursinus
Joellyn,Olympic Dam Airport,Theropithecus gelada
Mickey,Vichadero Airport,Tadorna tadorna
Carmencita,Tepoe Airstrip,Pelecanus occidentalis
Lyon,Mayajigua Airport,Phalacrocorax niger
Kalinda,Zaporizhzhia International Airport,Delphinus delphis
Dyan,Xilinhot Airport,Erinaceus frontalis
Charmain,Del Bajío International Airport,Phalaropus fulicarius
Michal,Tabora Airport,Isoodon obesulus
Antonetta,Baoshan Yunduan Airport,Felis silvestris lybica
Jocelin,Piracicaba Airport,Anas punctata
Darill,Axum Airport,Alectura lathami
Becky,Fria Airport,unavailable
Daisy,Fincha Airport,Bubalornis niger
Colby,Jose Maria Córdova International Airport,Panthera leo persica
Myrna,Vila Bela da Santíssima Trindade Airport,Leprocaulinus vipera
Sada,Liping Airport,Rangifer tarandus
Brooks,Sarandi Airport,Canis mesomelas
Hall,Nefteyugansk Airport,Trichosurus vulpecula
Paton,Torsby Airport,Phacochoerus aethiopus
Daryl,King Salman Abdulaziz Airport,Pelecanus occidentalis
Donnie,North Central West Virginia Airport,Cynomys ludovicianus
Norry,Chicago O'Hare International Airport,Panthera leo persica
Archy,Monroe County Aeroplex Airport,Connochaetus taurinus
Elyn,Castaway Island Seaplane Base,Lasiodora parahybana
Constanta,Cordillo Downs Airport,Sceloporus magister
Engelbert,Raja Haji Fisabilillah International Airport,Aonyx cinerea
Coralie,Cerro Largo International Airport,Ovibos moschatus
Kale,Kings Canyon Airport,Kobus vardonii vardoni
Humbert,Iguatu Airport,Dicrurus adsimilis
Karalee,Condobolin Airport,Aonyx cinerea
Allistir,Delissaville Airport,Sylvilagus floridanus
Gordan,Santa Paula Airport,Creagrus furcatus
Lazare,Hesa Airport,Lepus arcticus
Niall,Chile Chico Airport,Anas bahamensis
Esme,Arly Airport,Castor canadensis
Jenine,Baise Youjiang Airport,Bubalus arnee
Selle,Necocli Airport,unavailable
Matthias,New Bedford Regional Airport,Capreolus capreolus
Kalie,Nova Prata Airport,Tamiasciurus hudsonicus
Keri,Sokcho (Mulchi Airfield) (G-407/K-50) Airport,Tachybaptus ruficollis
Belia,Colorado Plains Regional Airport,Marmota monax
Corinna,Kerau Airport,Paradoxurus hermaphroditus
Ulrika,Terre-de-Haut Airport,Anas bahamensis
Corly,William T. Piper Memorial Airport,Conolophus subcristatus
Saba,Palmerston North Airport,Spheniscus mendiculus
Peyter,Alluitsup Paa Heliport,Chauna torquata
Hanson,Gamboma Airport,Manouria emys
Minette,Tan Tan Airport,Bassariscus astutus
Kayley,Gaylord Regional Airport,Petaurus norfolcensis
Shirl,Dobbins Air Reserve Base,Heloderma horridum
Lyda,Linden Airport,Pelecanus conspicillatus
Gaylor,Buri Ram Airport,Marmota monax
Angeline,Ogubsucum Airport,Branta canadensis
Nisse,Sukhumi Dranda Airport,Geochelone radiata
Bealle,Valença Airport,Ardea cinerea
Pernell,River Cess Airport/Heliport,Ursus americanus
Bailie,Frankfurt-Hahn Airport,Zosterops pallidus
Winna,Munduku Airport,Trichoglossus haematodus moluccanus
Theobald,Huahine-Fare Airport,Vulpes chama
Keir,Freeman Municipal Airport,Crotalus adamanteus
Geneva,Memorial Field,unavailable
Saunder,Merluna Airport,Phalaropus lobatus
Jenifer,Missoula International Airport,Diomedea irrorata
Sofie,Bartlesville Municipal Airport,Manouria emys
Shannah,Bill & Hillary Clinton National Airport/Adams Field,Ardea cinerea
Gussi,Powell Lake Seaplane Base,Cordylus giganteus
Esmeralda,Ahe Airport,Nasua narica
Kiley,Two Harbors Amphibious Terminal,Bucephala clangula
Grace,Centennial Airport,Petaurus breviceps
Sheppard,Stony Rapids Airport,Caiman crocodilus
Merrili,Decatur Shores Airport,Spizaetus coronatus
Selie,Jorge Isaac Airport,Gazella thompsonii
Maggi,Manti-Ephraim Airport,Microcavia australis
Linea,Kamulai Airport,Grus rubicundus
Yurik,Inverell Airport,Paraxerus cepapi
Artemis,Mukah Airport,Macropus fuliginosus
Melisa,Council Bluffs Municipal Airport,Varanus sp.
Ole,Statesville Regional Airport,Lamprotornis nitens
Dannye,Green River Municipal Airport,Myrmecobius fasciatus
Kylie,Walaha Airport,Larus dominicanus
Brenna,Gannan Xiahe Airport,Corvus brachyrhynchos
Eleanor,Landivisiau Air Base,Cygnus buccinator
Orelie,Porto Cheli Airport,Ursus arctos
Antoinette,Alferez Fap David Figueroa Fernandini Airport,Bassariscus astutus
Yuri,Slayton Municipal Airport,Mabuya spilogaster
Naoma,Fria Airport,Pitangus sulphuratus
Hettie,Maun Airport,Neophron percnopterus
Delia,Sabetta International Airport,Tiliqua scincoides
Eada,Birjand Airport,Felis caracal
Rubin,Anvik Airport,Lasiodora parahybana
Tonye,Borg El Arab International Airport,Hyaena hyaena
Noni,Hay River / Merlyn Carter Airport,Marmota caligata
Brook,Ontong Java Atoll Airstrip,Vanessa indica
Trip,Erzurum International Airport,Ephipplorhynchus senegalensis
Price,New Orleans NAS JRB/Alvin Callender Field,Taurotagus oryx
Graehme,Jomsom Airport,Eolophus roseicapillus
Dino,Zilfi Airport,Echimys chrysurus
Maritsa,Martindale Army Heliport,Psittacula krameri
Suzi,Birch Creek Airport,Larus novaehollandiae
Christie,Brewarrina Airport,Kobus vardonii vardoni
Kerry,Chautauqua County-Dunkirk Airport,Amblyrhynchus cristatus
Giustino,Bemichi Airport,Canis mesomelas
Ferdy,Qacha's Nek Airport,Plectopterus gambensis
Charline,Oberpfaffenhofen Airport,Trichosurus vulpecula
Mollee,Fazenda das Represas Airport,Lamprotornis superbus
Lanny,Bukoba Airport,Scolopax minor
Thacher,Tumeremo Airport,Haematopus ater
Bond,Montréal / Saint-Hubert Airport,Hymenolaimus malacorhynchus
Catherine,Tulsa International Airport,Sarkidornis melanotos
Roy,Toccoa Airport - R.G. Letourneau Field,Martes americana
Dannie,Princeton Municipal Airport,Ramphastos tucanus
Adrianne,Bartlett Cove Seaplane Base,Lamprotornis superbus
Kaine,Kumejima Airport,Elephas maximus bengalensis
Jobie,Palmar Sur Airport,Phalacrocorax niger
Olga,Lake County Airport,Cervus unicolor
Andi,Big Bay Seaplane Base,Bugeranus caruncalatus
Red,Dambulu Oya Tank Seaplane Base,Larus sp.
Laurene,Lolland Falster Maribo Airport,Phascogale tapoatafa
Ainslie,Guanare Airport,Coracias caudata
Meriel,Visalia Municipal Airport,Paradoxurus hermaphroditus
Danette,Wharton Regional Airport,Epicrates cenchria maurus
Stavros,Lake Tahoe Airport,Crax sp.
Jaime,Gold Beach Municipal Airport,Arctogalidia trivirgata
Auguste,Arawa Airport,Philetairus socius
Doralia,Singita Safari Lodge Airport,Anas punctata
Janenna,Taharoa Aerodrome,Ara ararauna
Marcellina,Khoram Abad Airport,Eunectes sp.
Hynda,Eneabba Airport,Acanthaster planci
Ingeborg,Kasiguncu Airport,Mazama gouazoubira
Tanitansy,Tetebedi Airport,Bassariscus astutus
Valli,Bushehr Airport,Tamandua tetradactyla
Raoul,Dezful Airport,Erinaceus frontalis
Bartholomeus,Preston Airport,Cyrtodactylus louisiadensis
Farrah,San Fernando Airport,Pycnonotus nigricans
Edee,Chaitén Airport,Echimys chrysurus
Natalie,Sendai Airport,Aonyx cinerea
Mariette,Daniel K Inouye International Airport,Lamprotornis chalybaeus
Germayne,Reno Tahoe International Airport,Aegypius occipitalis
Ivy,Seoul Air Base (K-16),Loris tardigratus
Pansy,Piatã Airport,Centrocercus urophasianus
Sheri,Tulita Airport,Tayassu pecari
Nissa,M'Bigou Airport,Lasiodora parahybana
Cassondra,Grand Rapids Itasca Co-Gordon Newstrom field,Otaria flavescens
Lulu,Anniston Regional Airport,Bos taurus
Agnese,Las Américas International Airport,Marmota caligata
Merrie,Saint John Airport,Cacatua tenuirostris
Terrence,Coral Harbour Airport,Larus fuliginosus
Junie,Roy Otten Memorial Airfield,Hyaena hyaena
Ervin,Renmark Airport,Charadrius tricollaris
Thoma,Ratanakiri Airport,Pseudocheirus peregrinus
Amie,Enrique Olaya Herrera Airport,Stercorarius longicausus
Stearne,Cairns AAF (Fort Rucker) Air Field,Chloephaga melanoptera
Marcellina,San Blas Airport,Crotalus adamanteus
Hakeem,Forster (Wallis Is) Airport,Crotaphytus collaris
Antoine,Maganja da Costa Airport,Agkistrodon piscivorus
Merrielle,Iwakuni Marine Corps Air Station,Myrmecobius fasciatus
Nicky,Caicara del Orinoco Airport,Vulpes chama
Robbi,Shilavo Airport,Platalea leucordia
Betta,Anniston Regional Airport,Alces alces
Dniren,Fáskrúðsfjörður Airport,Varanus sp.
Engelbert,Sfax Thyna International Airport,Stercorarius longicausus
Darya,El Dorado International Airport,Trichosurus vulpecula
Judy,Muscatine Municipal Airport,Felis wiedi or Leopardus weidi
Nikita,Jutigalpa airport,Gazella granti
Lebbie,Geraldton Airport,unavailable
Tommi,Cowley Airport,Connochaetus taurinus
Kristyn,San Bernardino International Airport,Francolinus swainsonii
Elora,Liboi Airport,Ara macao
Marice,Kaufana Airport,Tachyglossus aculeatus
Travus,Manatee Airport,Aegypius tracheliotus
Fleurette,Hermes Quijada International Airport,Tetracerus quadricornis
Lissie,Kaohsiung International Airport,Manouria emys
Tiffi,Sebba Airport,Bison bison
Pavla,RAF Cottesmore,Spheniscus magellanicus
Portia,Jack Edwards Airport,Platalea leucordia
See,Shubuling Airport,Cercopithecus aethiops
Jeff,Harrisburg-Raleigh Airport,Trichosurus vulpecula
Patience,Downtown Airpark,Cyrtodactylus louisiadensis
Coop,Prešov Air Base,Eutamias minimus
Ahmed,Eagle River Union Airport,Crotalus adamanteus
Albie,Tambolaka Airport,Lepus townsendii
Hedda,Bhojpur Airport,Graspus graspus
Tiphanie,Loncopue Airport,Leptoptilos crumeniferus
Sharla,Figari Sud-Corse Airport,Felis silvestris lybica
Amelie,Jefferson City Memorial Airport,Anitibyx armatus
Glynis,Kalokol Airport,Limosa haemastica
Evan,Ruse Airport,Merops bullockoides
Arte,São Joaquim da Barra Airport,Centrocercus urophasianus
Evelin,Sofia Airport,Lasiorhinus latifrons
Alva,Hang Nadim International Airport,Camelus dromedarius
Karoly,Palenque International Airport,Aquila chrysaetos
Gaby,Schefferville Airport,Martes americana
Curry,Kebar Airport,Dusicyon thous
Marne,Dargaville Aerodrome,Amphibolurus barbatus
Candie,Sparrevohn LRRS Airport,Picoides pubescens
Howie,Wunnumin Lake Airport,Graspus graspus
Kori,Hector Silva Airstrip,Sarcophilus harrisii
Katalin,Treviso-Sant'Angelo Airport,Papio cynocephalus
Fina,Mc Connell Air Force Base,Nyctereutes procyonoides
Jodi,Guasopa Airport,Francolinus coqui
Elna,Mulia Airport,Bassariscus astutus
Ellette,Rokot Airport,Limnocorax flavirostra
Chariot,Buffalo Spring,Lama pacos
Ortensia,Kostanay West Airport,Spizaetus coronatus
Max,Kerema Airport,Larus novaehollandiae
Theresita,Jeongseok Airport,Macaca radiata
Genvieve,Gimli Industrial Park Airport,Lorythaixoides concolor
Gabby,South Caicos Airport,Bassariscus astutus
Jasper,Hato International Airport,Hystrix indica
Amalita,Kraków John Paul II International Airport,Cebus nigrivittatus
Ernest,Gustavo Vargas Airport,Tragelaphus strepsiceros
Germain,Brig. Lysias Augusto Rodrigues Airport,Neotoma sp.
Jules,Zhangye Ganzhou Airport,Otaria flavescens
Daisi,Area De Material Airport,Canis aureus
Freddy,Laiagam Airport,Bucorvus leadbeateri
Nichols,Lloydminster Airport,Coendou prehensilis
Harriot,Fort Worth Meacham International Airport,Macaca mulatta
Gilberto,Diapaga Airport,Arctogalidia trivirgata
Madison,El Fasher Airport,Gopherus agassizii
Deloria,Noonkanbah Airport,Corvus albus
Irena,Pitu Airport,Macropus agilis
Haywood,Bryansk Airport,Genetta genetta
Erek,Kolda North Airport,Egretta thula
Hadleigh,Irkutsk Airport,Bucorvus leadbeateri
Aurelea,Northwest Alabama Regional Airport,Sula dactylatra
Jeana,Ujae Atoll Airport,Bettongia penicillata
Haskell,Sullivan Bay Seaplane Base,Recurvirostra avosetta
Georg,Tumbang Samba Airport,Lepilemur rufescens
Tedda,Kirundo Airport,Suricata suricatta
Tallie,Jijel Ferhat Abbas Airport,Sagittarius serpentarius
Ettie,Kotakoli Airport,Dendrocitta vagabunda
Kendall,Roxas Airport,Macaca mulatta
Karna,Guangzhou Baiyun International Airport,Spheniscus magellanicus
Ronni,Leinster Airport,Equus hemionus
Reed,Maganja da Costa Airport,Perameles nasuta
Caitlin,Eskişehir Air Base,Plectopterus gambensis
Barrie,Bayannur Tianjitai Airport,Amazona sp.
Gal,Saumlaki/Olilit Airport,Alcelaphus buselaphus caama
Burt,Penong Airport,Carduelis pinus
Elyse,Dunhuang Airport,Sterna paradisaea
Ileane,Dunbar Airport,Eunectes sp.
Ilyssa,Maubeuge-Élesmes Airport,Larus fuliginosus
Olenolin,Destin Executive Airport,Phylurus milli
Nataline,Atka Airport,Tachyglossus aculeatus
Maxim,Telluride Regional Airport,Meles meles
Andie,Kurundi Airport,Cynictis penicillata
Alida,Deer Lake Airport,Ovibos moschatus
Worthington,Sucua Airport,Francolinus swainsonii
Vivyanne,Belize City Municipal Airport,Hippotragus equinus
Felike,Los Perales Airport,Varanus salvator
Malvin,Bollon Airport,Papilio canadensis
Cassi,Addison Airport,Bucephala clangula
Rea,Stara Zagora Airport,Dasyurus maculatus
Alvinia,Plymouth City Airport,Carphophis sp.
Cooper,Cochstedt Airport,Bos frontalis
Derrick,Eastern WV Regional Airport/Shepherd Field,Macropus agilis
Corrianne,Twente Airport,Lamprotornis sp.
Edin,Xai-Xai Airport,Salvadora hexalepis
Winne,Chignik Bay Seaplane Base,Oryx gazella
Kerri,Franklin County Airport,Ictalurus furcatus
Chloris,Winisk Airport,Chloephaga melanoptera
Jere,Maleo Airport,Eumetopias jubatus
Debbi,Dundo Airport,Larus fuliginosus
Rora,Nomad River Airport,Acridotheres tristis
Reagan,Umiujaq Airport,Sula dactylatra
Carlynne,Albany International Airport,Gymnorhina tibicen
Sadie,Thompson Airport,Coluber constrictor
Reuben,Mitiaro Island Airport,Dasypus septemcincus
Allyson,Algona Municipal Airport,Carphophis sp.
Riane,Prof. Eribelto Manoel Reino State Airport,Tenrec ecaudatus
Ali,Kazan International Airport,Agelaius phoeniceus
Aeriela,Santa Cruz Sky Park,Naja haje
Frederich,Ouarzazate Airport,Larus dominicanus
Fairlie,Alton Downs Airport,Cercatetus concinnus
Woodrow,Ikerassaarsuk Heliport,Callipepla gambelii
Rasla,Nachingwea Airport,Buteo regalis
Sonnie,Zyryanka Airport,Anastomus oscitans
Milka,Daporijo Airport,Macropus robustus
Feodor,Gujrat Airport,Meleagris gallopavo
Mable,Mount Pleasant Airport,Sciurus vulgaris
Augustine,Queenstown Airport,Ceratotherium simum
Aharon,Dabo Airport,Anas bahamensis
Tana,Scranton Municipal Airport.,Tursiops truncatus
Janaya,Simón Bolívar International Airport,Zenaida asiatica
Darcey,Beaver Airport,Eumetopias jubatus
Cole,Chitato Airport,Crocuta crocuta
Joell,Batman Airport,Tadorna tadorna
Lindie,Matari Airport,Cynomys ludovicianus
Lulita,La Cumbre Airport,Crax sp.
Fanechka,Hewanorra International Airport,Bubo virginianus
Wilek,Oristano-Fenosu Airport,Bucorvus leadbeateri
Sibby,Mudgee Airport,Libellula quadrimaculata
Durant,Selebi Phikwe Airport,Varanus salvator
Booth,Raivavae Airport,Panthera leo persica
Barret,Lumbala Airport,Bubo sp.
Phil,Kualanamu International Airport,Ciconia ciconia
Niall,Gnarowein Airport,Ephippiorhynchus mycteria
Tally,Düsseldorf Airport,Pseudocheirus peregrinus
Arri,Chignik Fisheries Airport,Macropus rufogriseus
Konstantine,M'Vengue El Hadj Omar Bongo Ondimba International Airport,Macropus fuliginosus
Allan,Dongying Shengli Airport,Eolophus roseicapillus
Merna,Bildudalur Airport,Meles meles
Teddy,Pomala Airport,Felis caracal
Iseabal,Merville-Calonne Airport,Diomedea irrorata
Gerrie,Tagbilaran Airport,Alopochen aegyptiacus
Alfredo,Tocumen International Airport,unavailable
Hanny,Grand Marais Cook County Airport,Ara chloroptera
Aldo,Batajnica Air Base,Canis aureus
Cyrill,Carimagua Airport,Petaurus norfolcensis
Gregorius,Visalia Municipal Airport,Sciurus niger
Stanton,Topeka Regional Airport - Forbes Field,Chamaelo sp.
Averyl,Belgrade Nikola Tesla Airport,Alopex lagopus
Skye,Kurwina Airport,Ceryle rudis
Vail,Tabiteuea North Airport,Butorides striatus
Constance,Kramatorsk Airport,Ephippiorhynchus mycteria
Edouard,Alroy Downs Airport,Corvus albicollis
Amye,Ilebo Airport,Dacelo novaeguineae
Paolina,Merdei Airport,Ardea cinerea
Reeba,Gogebic Iron County Airport,Phoca vitulina
Sandie,Formosa Airport,Macropus fuliginosus
Cesar,Vahitahi Airport,Pitangus sulphuratus
Ashton,Maxwell Air Force Base,Eumetopias jubatus
Morten,Kaohsiung International Airport,Irania gutteralis
Ewart,Lake Murray Airport,Phoenicopterus ruber
Glyn,Big Creek Airport,Erethizon dorsatum
Karissa,St. John's International Airport,Hippotragus equinus
Bunny,Cox Field,Cercatetus concinnus
Ford,Ust-Kut Airport,Thalasseus maximus
Winna,Gomel Airport,Gymnorhina tibicen
Ricard,Trabzon International Airport,Anas bahamensis
Eleanore,Mutiara Airport,Vanessa indica
Zita,Biaugunu Airport,Cynictis penicillata
Duncan,San Diego International Airport,Pytilia melba
Wren,Columbus Air Force Base,Macropus eugenii
George,Akron Fulton International Airport,Phoca vitulina
Dolph,Camp Page Airport (A-306),Zonotrichia capensis
Sarine,Shanshan Airport,Uraeginthus granatina
Dee,Maiduguri International Airport,Erinaceus frontalis
Alina,Dori Airport,Dasyurus maculatus
Alicea,Teruel Airport,Tiliqua scincoides
Wandis,Proma Heliport,Stercorarius longicausus
Charis,Tehachapi Municipal Airport,Phalacrocorax varius
Vally,Jumla Airport,Speotyte cuniculata
Drucie,Kondobol Airport,Dusicyon thous
Harman,Namrole Airport,Neophron percnopterus
Sheridan,Mitchell Municipal Airport,Spheniscus mendiculus
Gaylor,Jutigalpa airport,Amphibolurus barbatus
Madge,Hopetoun Airport,Boa caninus
Graig,Tavie Airport,Phalaropus lobatus
Clara,Baitadi Airport,Globicephala melas
Garry,Governador José Richa Airport,Phalacrocorax albiventer
Gretal,Talakan Airport,Uraeginthus angolensis
Palmer,Majkin Airport,Boa caninus
Filip,Lake Macquarie Airport,Ammospermophilus nelsoni
Della,Galesburg Municipal Airport,Mazama americana
Ian,Lemwerder Airport,Spermophilus parryii
Kearney,Namsang Airport,Hippotragus equinus
Mara,Moki Airport,Agouti paca
Arluene,Kalakaket Creek AS Airport,Phalacrocorax carbo
Emmery,Manihi Airport,Spizaetus coronatus
Llewellyn,Langkawi International Airport,Agkistrodon piscivorus
Cherise,Mikkeli Airport,Cacatua tenuirostris
Kass,Raja Bhoj International Airport,Ictonyx striatus
Angele,Kaltag Airport,Streptopelia senegalensis
Shanna,Bonnyville Airport,Lepus townsendii
Lucien,Collinsville Airport,Recurvirostra avosetta
Liz,Emporia Municipal Airport,Cebus albifrons
Joey,Clovis Municipal Airport,Larus dominicanus
Regen,Qaanaaq Airport,Castor fiber
Patrizius,Sardeh Band Airport,Macropus giganteus
Haslett,Bakkafjörður Airport,Semnopithecus entellus
Fonzie,Akola Airport,Anitibyx armatus
Thomasine,Outer Skerries Airport,Alligator mississippiensis
Suzann,Bandar Lengeh Airport,Lasiodora parahybana
Vonni,Malden Regional Airport,Ratufa indica
Kay,Dhangarhi Airport,Agouti paca
Dagmar,Sigonella Navy Air Base,Phalacrocorax carbo
Jennica,Orsk Airport,Paradoxurus hermaphroditus
Teddie,Brus Laguna Airport,Orcinus orca
Brooke,Karato Airport,Falco peregrinus
Sibby,Carlos Ruhl Airport,Pseudocheirus peregrinus
Giustino,Hanzhong Chenggu Airport,Agama sp.
Alexia,Yulin Yuyang Airport,Rhea americana
Belvia,Lawrenceville Vincennes International Airport,Ninox superciliaris
Nertie,Doongan Airport,Cordylus giganteus
Johna,Erbil International Airport,Hymenolaimus malacorhynchus
Brendan,Baracoa Airport,Spizaetus coronatus
Karil,Ricardo García Posada Airport,Eurocephalus anguitimens
Mariejeanne,San Quintín Military Airstrip,Bubalornis niger
Dannel,Hiroshima Airport,Papio cynocephalus
Stephani,Bragado Airport,Meles meles
Kerrie,Söderhamn Airport,Phoenicopterus chilensis
Marty,Gregory Downs Airport,Zenaida asiatica
Sabra,San Gabriel Valley Airport,Stercorarius longicausus
Glynda,Gällivare Airport,Canis lupus baileyi
Tove,Pietermaritzburg Airport,Phalacrocorax varius
Grissel,Lime Acres Finsch Mine Airport,Ovis ammon
Kip,Longreach Airport,Meleagris gallopavo
Burgess,Manaung Airport,Myrmecobius fasciatus
Valentina,Cox Field,Trachyphonus vaillantii
Eula,Newton Municipal Airport,Damaliscus dorcas
Mike,Warracknabeal Airport,Limnocorax flavirostra
Floris,Ocean Falls Seaplane Base,Anas bahamensis
Eduard,Lumberton Regional Airport,Haliaetus vocifer
Bebe,Kavieng Airport,Aonyx cinerea
Flss,Kalpowar Airport,Sciurus vulgaris
Gilli,Wanuma Airport,Cervus elaphus
Cristionna,Houma Terrebonne Airport,Geochelone elephantopus
Nonah,Santander Airport,Phalacrocorax niger
Elroy,Kapal Airport,Globicephala melas
Jessa,Mandera Airport,Martes americana
Germaine,Mechanics Bay Heliport,Zosterops pallidus
Barbabas,Genting Airport,Alces alces
Laurella,Lordsburg Municipal Airport,Nucifraga columbiana
Lambert,Hawke's Bay Airport,Phoenicopterus ruber
Marcille,Tarapoa Airport,Plegadis falcinellus
Babs,Fazenda Cataco Airport,Motacilla aguimp
Maire,Alpha Airport,Larus fuliginosus
Shena,Soure Airport,Uraeginthus angolensis
Fara,Motswari Airport,Varanus komodensis
Marlin,Łódź Władysław Reymont Airport,Macropus eugenii
Elton,Alice International Airport,Cordylus giganteus
Godard,Iboki Airport,Varanus salvator
Prudence,Municipal de Linares Airport,Buteo jamaicensis
Anestassia,Manistee Co Blacker Airport,Coendou prehensilis
Kylie,Ciudad Obregón International Airport,Alopex lagopus
Amelie,Djerba Zarzis International Airport,Coluber constrictor
Benjamin,Imperial County Airport,Crotalus triseriatus
Berget,Multan International Airport,Eunectes sp.
Cobbie,Gardabya Airport,Agama sp.
Gabriel,Cherry Capital Airport,Sarcorhamphus papa
Marlene,Inishmore Aerodrome,Arctogalidia trivirgata
Davis,Inverell Airport,Haliaetus vocifer
Anastasie,General Edward Lawrence Logan International Airport,Papio cynocephalus
Jenelle,Ogoki Post Airport,Canis lupus
Marie,Island Lake Airport,Nyctereutes procyonoides
Nina,Ar Horqin Airport,Delphinus delphis
Rollin,Phanom Sarakham Airport,Ara chloroptera
Juana,Jamba Airport,Anastomus oscitans
Beverlie,RAF Brize Norton,Phalacrocorax albiventer
Iolanthe,Bultfontein Airport,Procyon cancrivorus
Floris,Arthur N Neu Airport,Pituophis melanaleucus
Sullivan,Duluth International Airport,Hystrix cristata
Siouxie,Dodoima Airport,Echimys chrysurus
Arluene,Hateruma Airport,Macropus fuliginosus
Lionel,Baie-Johan-Beetz Water Aerodrome,Phalacrocorax carbo
Valene,McArthur River Mine Airport,Bucephala clangula
Elvyn,Defiance Memorial Airport,Ursus maritimus
Aleen,Kristiansand Airport,Theropithecus gelada
Toddie,Taszár Air Base,Zonotrichia capensis
Dido,Penang International Airport,Creagrus furcatus
Wendall,Zabrat Airport,Felis pardalis
Jinny,Licenciado Miguel de la Madrid Airport,Anas bahamensis
Phineas,Lake Manyara Airport,Funambulus pennati
Hasty,Mulia Airport,Drymarchon corias couperi
Dorella,Jessore Airport,Perameles nasuta
Olenka,Alto Parnaíba Airport,Tockus flavirostris
Reginauld,Dubai Creek SPB,Phalacrocorax carbo
Delilah,Peenemünde Airport,Podargus strigoides
Damian,Baghdad International Airport,Canis mesomelas
Law,Phu Cat Airport,Gyps bengalensis
Heloise,Martin State Airport,Ovis ammon
Lalo,Izumo Airport,Phalacrocorax carbo
Vi,Lauro Kurtz Airport,Tadorna tadorna
Artie,Charlevoix Airport,Uraeginthus granatina
Montague,Pamol Airport,Chlidonias leucopterus
Sherwin,Inhambane Airport,Uraeginthus granatina
Bellina,Cooma Snowy Mountains Airport,Dasypus novemcinctus
Fraser,Fort Resolution Airport,Catharacta skua
Carroll,Hickory Regional Airport,Nycticorax nycticorax
Jorrie,Ballera Airport,Castor fiber
Jeno,Engati Airstrip,Larus fuliginosus
Lorenza,Roanoke–Blacksburg Regional Airport,Tringa glareola
Sharl,Ulyanovsk Baratayevka Airport,Fregata magnificans
Cheslie,Hoedspruit Air Force Base Airport,Junonia genoveua
Rafa,Fort Mackay / Horizon Airport,Numida meleagris
Andris,Russian Mission Airport,Gyps bengalensis
Demeter,Tôlanaro Airport,Galago crassicaudataus
Cammy,Marcos A. Gelabert International Airport,Diomedea irrorata
Napoleon,Downsview Airport,Marmota monax
Timothea,Treviso-Sant'Angelo Airport,Gyps bengalensis
Noah,George Airport,Anastomus oscitans
Fransisco,Resistencia International Airport,Turtur chalcospilos
Puff,Altus Air Force Base,Tadorna tadorna
Jamill,Joensuu Airport,Phalaropus lobatus
Catarina,São Joaquim Airport,Acrobates pygmaeus
Paulita,Cascais Airport,Phalacrocorax carbo
Jilly,Sardar-e-Jangal Airport,Colaptes campestroides
Hubey,Sioux Gateway Col. Bud Day Field,Lasiorhinus latifrons
Nissy,Quelimane Airport,Ceryle rudis
Maxine,28 de Noviembre Airport,Pytilia melba
Wendy,São Pedro Airport,Stercorarius longicausus
Grange,Columbia County Airport,Anser anser
Carry,Tungsten (Cantung) Airport,Streptopelia senegalensis
Brendin,Mahlon Sweet Field,Rhea americana
Linette,Paraguaçu Airport,Pycnonotus nigricans
Alaine,Orapa Airport,Porphyrio porphyrio
Jamison,Liuzhou Bailian Airport,Terrapene carolina
Helaina,Jammu Airport,Platalea leucordia
Malinda,Tok Junction Airport,Larus dominicanus
Barbabas,Zulu Inyala Airport,Ctenophorus ornatus
Jerald,Hamilton Island Airport,Dicrostonyx groenlandicus
Aubrie,Benalla Airport,Coracias caudata
Cynthie,Suria Airport,Lycaon pictus
Anselma,Upala Airport,Amphibolurus barbatus
Jeth,Davenport Downs Airport,Manouria emys
Ody,Camilo Daza International Airport,Pelecanus conspicillatus
Sergeant,Sequim Valley Airport,Macropus agilis
Glyn,Northwest Florida Beaches International Airport,Dasyurus viverrinus
Lira,Arua Airport,Limnocorax flavirostra
Alie,Zanjan Airport,Paroaria gularis
Robbert,Sultan Azlan Shah Airport,Sula nebouxii
Stephan,Villa Reynolds Airport,Pterocles gutturalis
Walther,Manitowoc County Airport,Centrocercus urophasianus
Thebault,Minsk 1 Airport,Pycnonotus barbatus
Isaak,"Magdeburg ""City"" Airport",Ara chloroptera
Joaquin,Argyle International Airport,Ara macao
Arin,Tonghua Sanyuanpu Airport,Felis silvestris lybica
Duky,MBS International Airport,Anser caerulescens
Aleksandr,Galion Municipal Airport,Macropus rufogriseus
Russ,La Gomera Airport,Connochaetus taurinus
Trixie,Mount Swan Airport,Dasyurus maculatus
Jo-anne,Ulanqab Jining Airport,unavailable
Julissa,Mianwali Air Base,Phoenicopterus ruber
Nicolas,St George Airport,Bettongia penicillata
Pammie,Hrodna Airport,Perameles nasuta
Flemming,Argyle International Airport,Anhinga rufa
Cesya,Bornholm Airport,Semnopithecus entellus
Roanne,Kindersley Airport,Sitta canadensis
Skip,Vidalia Regional Airport,Creagrus furcatus
Francklyn,College Park Airport,Ardea golieth
Kippy,Chandler Field,Meles meles
Tirrell,Naha Airport,Bassariscus astutus
Nariko,Obano Airport,Laniarius ferrugineus
Nadia,Robert L. Bradshaw International Airport,Ephipplorhynchus senegalensis
Marillin,Tanjore Air Force Base,Chauna torquata
Tadd,Imphal Airport,Tiliqua scincoides
Claiborn,Tte. Julio Gallardo Airport,Hystrix cristata
Elianore,Bremerhaven Airport,Elephas maximus bengalensis
Jessy,Kapit Airport,Lorythaixoides concolor
Willie,Akola Airport,Vulpes chama
Robin,Picton Aerodrome,Ovis ammon
Andria,Patreksfjörður Airport,Tursiops truncatus
Lyndsie,Lake County Airport,Tamandua tetradactyla
Jazmin,American River Airport,Gymnorhina tibicen
Stillman,Carta Airport,Nectarinia chalybea
Arliene,Usina Mandu Airport,Delphinus delphis
Eveleen,Votuporanga Airport,Cereopsis novaehollandiae
Jennifer,São Lourenço do Sul Airport,Terrapene carolina
Casper,Yangzhou Taizhou Airport,Chlamydosaurus kingii
Alistair,Stan Stamper Municipal Airport,Felis wiedi or Leopardus weidi
Fern,Peshawar International Airport,Dendrocitta vagabunda
Ashli,Waterkloof Air Force Base,Orcinus orca
Jenilee,Hassan I Airport,Paraxerus cepapi
Stephan,Zagora Airport,Bubalus arnee
Raye,San Nicolas De Bari Airport,Calyptorhynchus magnificus
Wilhelm,Nanyang Jiangying Airport,Rangifer tarandus
Lutero,Mojave Airport,Falco mexicanus
Violette,Merowe New Airport,Cygnus buccinator
Ronni,Chuja Port Heliport,Francolinus coqui
Julieta,Albury Airport,Ammospermophilus nelsoni
Marlane,Kisumu Airport,Felis concolor
Dunc,Wiluna Airport,Smithopsis crassicaudata
Kristin,Víctor Lafón Airport,Aonyx cinerea
Dagny,Koutiala Airport,Fulica cristata
Abbie,Long Pasia Airport,Cervus elaphus
Guilbert,Balmaceda Airport,Irania gutteralis
Milly,Peterborough Airport,Boa constrictor mexicana
Lyell,Grant County International Airport,Ceratotherium simum
Clementina,Midland International Airport,Sagittarius serpentarius
Doreen,Mandora Airport,Galictis vittata
Brier,Teniente Rodolfo Marsh Martin Base,Dasyurus maculatus
Llywellyn,San Carlos Airport,Ploceus intermedius
Connie,São Gabriel Airport,Orcinus orca
Nikkie,Rankin Inlet Airport,Chlidonias leucopterus
Farlee,Mayumba Airport,Pan troglodytes
Mariana,Cuatro Vientos Airport,Acridotheres tristis
Nonie,Ankazoabo Airport,Zenaida galapagoensis
Nowell,Tucumcari Municipal Airport,Melursus ursinus
Isabel,Shanshan Airport,Gyps bengalensis
Marjorie,Wittenoom Airport,Pituophis melanaleucus
Godfry,Daman Airport,Tauraco porphyrelophus
Stevena,Open Bay Airport,Spermophilus lateralis
Meredithe,Drumduff Airport,unavailable
Cherey,Chaoyang Airport,Branta canadensis
Waylon,El Calafate Airport,Nectarinia chalybea
Felice,Tambolaka Airport,Uraeginthus granatina
Skippie,DeKalb Peachtree Airport,Raphicerus campestris
Magdalena,Cirilo Queiróz Airport,Oryx gazella
Berti,Wadi Halfa Airport,Graspus graspus
Gare,Songyuan Chaganhu Airport,Anser anser
Tait,Lengbati Airport,Certotrichas paena
Teddie,Adolino Bedin Regional Airport,Ovis dalli stonei
Roarke,Mildura Airport,Recurvirostra avosetta
Bevvy,Teniente FAP Jaime A De Montreuil Morales Airport,Tachyglossus aculeatus
Sheffield,North Platte Regional Airport Lee Bird Field,Vulpes chama
Felicdad,Copenhagen Roskilde Airport,Anthropoides paradisea
Carilyn,Farewell Airport,Dusicyon thous
Estel,Antonio Rivera Rodriguez Airport,Lycaon pictus
Annora,Daly Waters Airport,Sula dactylatra
Natividad,Chos Malal Airport,Phalaropus fulicarius
Weidar,Sheridan County Airport,Colobus guerza
Theresita,Irecê Airport,Alopochen aegyptiacus
Iggy,Caia Airport,Panthera leo
Bride,Puas Airport,Ciconia episcopus
Rosita,Le Havre Octeville Airport,Phascogale calura
Annis,Greater Kankakee Airport,Cochlearius cochlearius
Fonsie,Kharkiv International Airport,Propithecus verreauxi
Garvey,In Aménas Airport,Pycnonotus nigricans
Maynard,Makemo Airport,Varanus sp.
Nev,Gounda Airport,Phalaropus lobatus
Ward,Ha'il Airport,Phascogale tapoatafa
Claresta,Makabana Airport,Phalacrocorax varius
Gray,Humaitá Airport,Anas punctata
Marcille,Arak Airport,Ratufa indica
Laverna,Prešov Air Base,Meles meles
Berkley,Guari Airport,Callorhinus ursinus
Salomi,Álamos Airport,Trichoglossus haematodus moluccanus
